/*
Navicat MySQL Data Transfer

Source Server         : localhost
Source Server Version : 50550
Source Host           : localhost:3306
Source Database       : contentmanagement

Target Server Type    : MYSQL
Target Server Version : 50550
File Encoding         : 65001

Date: 2018-12-18 16:09:59
*/

SET FOREIGN_KEY_CHECKS=0;

-- ----------------------------
-- Table structure for message_remark
-- ----------------------------
DROP TABLE IF EXISTS `message_remark`;
CREATE TABLE `message_remark` (
  `remark_id` int(255) NOT NULL AUTO_INCREMENT COMMENT '数据id',
  `remark_content` text COMMENT '评论内容',
  `remark_from_uid` int(255) DEFAULT NULL COMMENT '评论人id',
  `remark_message_id` int(255) DEFAULT NULL COMMENT '留言墙数据id',
  `remark_praisenumber` int(255) DEFAULT NULL COMMENT 'v',
  `remark_statu` varchar(2) DEFAULT NULL COMMENT '留言状态  1：正常；0：删除',
  `remark_add_time` varchar(255) DEFAULT NULL COMMENT '评论时间',
  PRIMARY KEY (`remark_id`),
  KEY `评论人id` (`remark_from_uid`),
  KEY `留言墙数据id` (`remark_message_id`),
  CONSTRAINT `留言墙数据id` FOREIGN KEY (`remark_message_id`) REFERENCES `message_wal` (`w_id`) ON DELETE CASCADE ON UPDATE CASCADE,
  CONSTRAINT `评论人id` FOREIGN KEY (`remark_from_uid`) REFERENCES `userinfo` (`u_id`) ON DELETE CASCADE ON UPDATE CASCADE
) ENGINE=InnoDB AUTO_INCREMENT=9 DEFAULT CHARSET=utf8 COMMENT='留言墙评论';

-- ----------------------------
-- Records of message_remark
-- ----------------------------
INSERT INTO `message_remark` VALUES ('1', '风景不错！', '19', '23', null, '1', '2018-12-10 10:58:30');
INSERT INTO `message_remark` VALUES ('2', '你说你是在哪里拍的啊？告诉我一下呗', '18', '23', null, '1', '2018-12-10 14:46:17');
INSERT INTO `message_remark` VALUES ('3', 'retrfdghdfgfdg 豆腐干豆腐干', '20', '23', null, '1', '2018-12-12 11:02:52');
INSERT INTO `message_remark` VALUES ('4', 'DGDFGDFGFGFGGDDSDSGGDGDFGFdg豆腐干豆腐干豆腐干豆腐干梵蒂冈\n福克斯对方会觉得看是否还记得开始发货的\n的身份角度考虑是否九点十六分教练的身份', '21', '23', null, '1', '2018-12-12 13:45:39');
INSERT INTO `message_remark` VALUES ('6', '', '21', '23', null, '1', '2018-12-12 14:31:35');
INSERT INTO `message_remark` VALUES ('7', '你是逗逼吗？这么搞笑', '20', '24', null, '1', '2018-12-12 21:27:41');
INSERT INTO `message_remark` VALUES ('8', '大师傅大师傅但是', '20', '23', null, '1', '2018-12-14 17:28:55');

-- ----------------------------
-- Table structure for message_remark_reply
-- ----------------------------
DROP TABLE IF EXISTS `message_remark_reply`;
CREATE TABLE `message_remark_reply` (
  `reply_id` int(255) NOT NULL AUTO_INCREMENT COMMENT '数据id',
  `reply_content` text COMMENT '评论内容',
  `reply_from_uid` int(255) DEFAULT NULL COMMENT '回复用户id  当前回答的人:外键用户表',
  `reply_to_uid` int(255) DEFAULT NULL COMMENT '回复目标用户id',
  `remark_id` int(255) DEFAULT NULL COMMENT '评论数据id   外键留言墙评论数据id',
  `reply_praisenumber` int(255) DEFAULT NULL COMMENT '点赞数',
  `reply_statu` varchar(255) DEFAULT NULL COMMENT '留言状态	1：正常；0：删除',
  `reply_add_time` varchar(255) DEFAULT NULL COMMENT '评论时间',
  `reply_sameid_with_two_person` int(255) DEFAULT NULL COMMENT '两人对话的id,标记为两个的对话：即：a与b中的所有对话记录id为1；a与c的所有对话记录为2；b与c的对话记录为3；依次累计',
  `reply_addid_with_two_person` int(255) DEFAULT NULL COMMENT '记录两人间对话的次数，累加',
  PRIMARY KEY (`reply_id`),
  KEY `回复用户id` (`reply_from_uid`),
  KEY `回复目标用户id` (`reply_to_uid`),
  KEY `外键留言墙评论数据id` (`remark_id`),
  CONSTRAINT `回复用户id` FOREIGN KEY (`reply_from_uid`) REFERENCES `userinfo` (`u_id`) ON DELETE CASCADE ON UPDATE CASCADE,
  CONSTRAINT `回复目标用户id` FOREIGN KEY (`reply_to_uid`) REFERENCES `userinfo` (`u_id`) ON DELETE CASCADE ON UPDATE CASCADE,
  CONSTRAINT `外键留言墙评论数据id` FOREIGN KEY (`remark_id`) REFERENCES `message_remark` (`remark_id`) ON DELETE CASCADE ON UPDATE CASCADE
) ENGINE=InnoDB AUTO_INCREMENT=24 DEFAULT CHARSET=utf8 COMMENT='留言墙评论回复 ';

-- ----------------------------
-- Records of message_remark_reply
-- ----------------------------
INSERT INTO `message_remark_reply` VALUES ('1', '大师傅似的', '20', '19', '1', null, '1', '2018-12-10 14:46:19', '1', '1');
INSERT INTO `message_remark_reply` VALUES ('2', 'ewrwerwe', '19', '20', '1', null, '1', '2018-12-11 14:46:19', '1', '2');
INSERT INTO `message_remark_reply` VALUES ('3', '公司嘀咕嘀咕嘀咕嘀咕嘀咕的，都十分简单康师傅的科技示范户的快速减肥，挂号费的空间是否打开就十分考究的首付款，水电开发和贷款首付的空间划分的快捷回复，还是分开的还是付款计划的看法和雕刻技法', '20', '19', '1', null, '1', '2018-12-11 14:47:19', '1', '3');
INSERT INTO `message_remark_reply` VALUES ('4', '士大夫大师傅但是', '20', '18', '2', null, '1', '2018-12-11 14:47:19', '2', '1');
INSERT INTO `message_remark_reply` VALUES ('5', 'dssdgdgd', '18', '20', '2', null, '1', '2018-12-11 14:48:19', '2', '2');
INSERT INTO `message_remark_reply` VALUES ('6', '嘀咕嘀咕嘀咕嘀咕的', '20', '18', '2', null, '1', '2018-12-11 14:49:19', '2', '3');
INSERT INTO `message_remark_reply` VALUES ('7', '的故事大纲德国大使馆的轨道', '18', '20', '2', null, '1', '2018-12-11 14:50:19', '2', '4');
INSERT INTO `message_remark_reply` VALUES ('8', '546456545', '18', '20', '1', null, '1', '2018-12-12 09:50:19', '3', '1');
INSERT INTO `message_remark_reply` VALUES ('9', '需现场v出现', '20', '18', '1', null, '1', '2018-12-12 10:50:19', '3', '2');
INSERT INTO `message_remark_reply` VALUES ('10', '大师傅但是', '18', '19', '1', null, '1', '2018-12-12 10:50:19', '2', '1');
INSERT INTO `message_remark_reply` VALUES ('11', '撒大苏打', '19', '18', '1', null, '1', '2018-12-12 10:51:19', '2', '2');
INSERT INTO `message_remark_reply` VALUES ('19', '是不是真的哟？？？？', '18', '21', '4', null, '1', '2018-12-12 21:21:40', '1', '1');
INSERT INTO `message_remark_reply` VALUES ('20', '快点回答我赛', '18', '21', '4', null, '1', '2018-12-12 21:22:59', '1', '2');
INSERT INTO `message_remark_reply` VALUES ('21', '哈哈哈哈', '18', '18', '4', null, '1', '2018-12-12 21:26:20', '1', '1');
INSERT INTO `message_remark_reply` VALUES ('22', '你才是逗逼哟', '18', '20', '7', null, '1', '2018-12-12 21:29:15', '2', '5');
INSERT INTO `message_remark_reply` VALUES ('23', '大概豆腐干', '20', '20', '8', null, '1', '2018-12-14 17:29:06', '1', '1');

-- ----------------------------
-- Table structure for message_wal
-- ----------------------------
DROP TABLE IF EXISTS `message_wal`;
CREATE TABLE `message_wal` (
  `w_id` int(255) NOT NULL AUTO_INCREMENT COMMENT '数据id',
  `w_content` text COMMENT '留言内容',
  `w_uid` int(255) DEFAULT NULL COMMENT '留言人id',
  `w_praisenumber` varchar(255) DEFAULT NULL COMMENT '点赞数',
  `w_status` varchar(1) DEFAULT NULL COMMENT '留言状态  1：正常；0：删除',
  `w_addtime` varchar(255) DEFAULT NULL COMMENT '添加时间',
  PRIMARY KEY (`w_id`) USING BTREE,
  KEY `发表留言人id` (`w_uid`),
  CONSTRAINT `发表留言人id` FOREIGN KEY (`w_uid`) REFERENCES `userinfo` (`u_id`) ON DELETE CASCADE ON UPDATE CASCADE
) ENGINE=InnoDB AUTO_INCREMENT=66 DEFAULT CHARSET=utf8 ROW_FORMAT=COMPACT;

-- ----------------------------
-- Records of message_wal
-- ----------------------------
INSERT INTO `message_wal` VALUES ('23', '<p style=\"text-align: center;\">&nbsp;&nbsp;&nbsp;&nbsp;&nbsp;&nbsp;&nbsp;&nbsp;安抚撒发射点犯得上</p><p style=\"text-align: left;\"><img src=\"/file/20181206203729.png\" style=\"max-width:50%;\">&nbsp; &nbsp; 地方官梵蒂冈地方官反对&nbsp; &nbsp; &nbsp; &nbsp;&nbsp;<img src=\"/file/20181206203748.png\" style=\"max-width:30%;\"><br></p>', '20', '17', '1', '2018-12-06 20:38:09');
INSERT INTO `message_wal` VALUES ('24', '<p><img src=\"http://img.t.sinajs.cn/t4/appstyle/expression/ext/normal/50/pcmoren_huaixiao_org.png\" alt=\"[坏笑]\" data-w-e=\"1\"><img src=\"http://img.t.sinajs.cn/t4/appstyle/expression/ext/normal/3c/pcmoren_wu_org.png\" alt=\"[污]\" data-w-e=\"1\"><img src=\"http://img.t.sinajs.cn/t4/appstyle/expression/ext/normal/50/pcmoren_huaixiao_org.png\" alt=\"[坏笑]\" data-w-e=\"1\"><img src=\"http://img.t.sinajs.cn/t4/appstyle/expression/ext/normal/40/pcmoren_tian_org.png\" alt=\"[舔屏]\" data-w-e=\"1\"><img src=\"http://img.t.sinajs.cn/t4/appstyle/expression/ext/normal/3c/pcmoren_wu_org.png\" alt=\"[污]\" data-w-e=\"1\"><img src=\"http://img.t.sinajs.cn/t35/style/images/common/face/ext/normal/7a/shenshou_thumb.gif\" alt=\"[草泥马]\" data-w-e=\"1\"><img src=\"http://img.t.sinajs.cn/t35/style/images/common/face/ext/normal/60/horse2_thumb.gif\" alt=\"[神马]\" data-w-e=\"1\"><img src=\"http://img.t.sinajs.cn/t35/style/images/common/face/ext/normal/bc/fuyun_thumb.gif\" alt=\"[浮云]\" data-w-e=\"1\"><br></p>', '18', '21', '1', '2018-12-11 20:56:52');
INSERT INTO `message_wal` VALUES ('25', '<p>DJKJJDKGJKDFdkjgfdkljg<span style=\"background-color: rgb(249, 150, 59);\">大口大口v女看你说的v克里斯蒂女离开</span></p><p><span style=\"background-color: rgb(249, 150, 59);\">士大夫大师傅但是 但是发射点发射点</span></p><p><span style=\"background-color: rgb(249, 150, 59);\">f打发士大夫但是</span></p>', '20', null, '1', '2018-12-12 21:33:09');
INSERT INTO `message_wal` VALUES ('26', '<p>t\'h\'r\'t\'h<span style=\"text-decoration-line: underline;\">d\'g\'d\'f\'g\'d\'f</span><span style=\"font-weight: bold;\">士大夫石帆胜丰沙发上地方是分公司大师傅但是</span></p><p><ol><li><span style=\"font-weight: bold;\">的回复对方的</span></li><li><span style=\"font-weight: bold;\">感地方官党规党法给</span></li><li><span style=\"font-weight: bold;\">个大概大概豆腐干豆腐干地方</span></li><li><span style=\"font-weight: bold;\">梵蒂冈的客观角度考虑弗兰克</span></li><li><span style=\"font-weight: bold;\">的父母都是开发商贷款</span></li></ol></p>', '20', null, '1', '2018-12-12 21:33:46');
INSERT INTO `message_wal` VALUES ('27', '<table border=\"0\" width=\"100%\" cellpadding=\"0\" cellspacing=\"0\"><tbody><tr><th>1&nbsp;</th><th>2&nbsp;</th></tr><tr><td style=\"text-align: center;\">&nbsp;3</td><td>&nbsp;4</td></tr></tbody></table><p><br></p>', '20', null, '1', '2018-12-12 21:34:20');
INSERT INTO `message_wal` VALUES ('28', '<p><img src=\"http://img.t.sinajs.cn/t4/appstyle/expression/ext/normal/40/pcmoren_tian_org.png\" alt=\"[舔屏]\" data-w-e=\"1\"><br></p>', '20', null, '1', '2018-12-12 21:34:35');
INSERT INTO `message_wal` VALUES ('29', '<p>地方官地方官梵蒂冈</p>', '20', null, '1', '2018-12-12 21:34:50');
INSERT INTO `message_wal` VALUES ('30', '<p>的鬼地方高浮雕高浮雕高浮雕高浮雕高浮雕<span style=\"font-style: italic;\">感豆腐干豆腐干豆腐干豆腐干</span></p>', '20', null, '1', '2018-12-12 21:34:59');
INSERT INTO `message_wal` VALUES ('31', '<p><img src=\"http://img.t.sinajs.cn/t4/appstyle/expression/ext/normal/3c/pcmoren_wu_org.png\" alt=\"[污]\" data-w-e=\"1\"><br></p>', '20', null, '1', '2018-12-12 21:35:10');
INSERT INTO `message_wal` VALUES ('32', '<p><img src=\"http://img.t.sinajs.cn/t35/style/images/common/face/ext/normal/bc/fuyun_thumb.gif\" alt=\"[浮云]\" data-w-e=\"1\"><br></p>', '20', null, '1', '2018-12-12 21:35:15');
INSERT INTO `message_wal` VALUES ('33', '<p><img src=\"http://img.t.sinajs.cn/t4/appstyle/expression/ext/normal/40/pcmoren_tian_org.png\" alt=\"[舔屏]\" data-w-e=\"1\"><br></p>', '20', null, '1', '2018-12-12 21:35:19');
INSERT INTO `message_wal` VALUES ('59', '<table border=\"1\" width=\"100%\" cellpadding=\"0\" cellspacing=\"0\"><tbody><tr><th>&nbsp;1</th><th>2&nbsp;</th><th>3&nbsp;</th><th>4&nbsp;</th><th>&nbsp;5</th></tr><tr><td>&nbsp;</td><td>&nbsp;</td><td>&nbsp;</td><td>&nbsp;</td><td>&nbsp;</td></tr><tr><td>&nbsp;</td><td>&nbsp;</td><td>&nbsp;</td><td>&nbsp;</td><td>&nbsp;</td></tr><tr><td>&nbsp;</td><td>&nbsp;</td><td>&nbsp;</td><td>&nbsp;</td><td>&nbsp;</td></tr><tr><td>&nbsp;</td><td>&nbsp;</td><td>&nbsp;</td><td>&nbsp;</td><td>&nbsp;</td></tr></tbody></table><p><br></p>', '20', '1', '1', '2018-12-12 21:49:52');
INSERT INTO `message_wal` VALUES ('60', '<p><img src=\"/file/20181212220706.jpg\" style=\"max-width:100%;\">&nbsp; &nbsp; &nbsp; &nbsp; &nbsp; &nbsp;<img src=\"/file/20181212220716.jpg\" style=\"max-width: 100%;\">&nbsp; &nbsp; &nbsp; &nbsp;&nbsp;<img src=\"/file/20181212220724.jpg\" style=\"max-width: 100%;\"><br></p><p style=\"text-align: center;\">&nbsp; &nbsp; &nbsp; &nbsp; &nbsp; &nbsp; &nbsp; &nbsp; &nbsp; &nbsp; &nbsp; &nbsp; &nbsp; &nbsp; &nbsp; &nbsp; &nbsp; &nbsp; &nbsp; &nbsp;&nbsp;<img src=\"/file/20181212220733.jpg\" style=\"max-width:100%;\"><br></p>', '21', '3', '1', '2018-12-12 22:07:53');
INSERT INTO `message_wal` VALUES ('61', '<p><img src=\"/file/20181214172341.jpg\" style=\"max-width:100%;\"><br></p>', '20', null, '1', '2018-12-14 17:23:44');
INSERT INTO `message_wal` VALUES ('62', '<p>为什么我的mysql无法启动？有人帮我回答吗<img src=\"http://img.t.sinajs.cn/t4/appstyle/expression/ext/normal/50/pcmoren_huaixiao_org.png\" alt=\"[坏笑]\" data-w-e=\"1\"></p>', '21', null, '1', '2018-12-15 19:29:51');
INSERT INTO `message_wal` VALUES ('63', '<p>哈哈哈哈哈！</p>', '21', null, '1', '2018-12-18 10:06:36');
INSERT INTO `message_wal` VALUES ('64', '<p>士大夫士大夫地方</p>', '21', null, '1', '2018-12-18 10:07:05');
INSERT INTO `message_wal` VALUES ('65', '<p>撒大苏打反对法</p>', '21', null, '1', '2018-12-18 10:08:15');

-- ----------------------------
-- Table structure for navigation_bar_record
-- ----------------------------
DROP TABLE IF EXISTS `navigation_bar_record`;
CREATE TABLE `navigation_bar_record` (
  `n_id` int(255) NOT NULL COMMENT '数据id',
  `n_name` varchar(20) NOT NULL COMMENT '菜单名称',
  `n_menu_gradation` varchar(20) NOT NULL COMMENT '菜单级次',
  `n_parent_menu` varchar(20) NOT NULL COMMENT '父菜单级次',
  `n_menu_type` varchar(20) NOT NULL COMMENT '菜单类别',
  `n_url` varchar(255) DEFAULT NULL COMMENT '菜单系统路径',
  `n_time` datetime DEFAULT NULL COMMENT '添加时间',
  `n_person` varchar(20) DEFAULT NULL COMMENT '添加人',
  PRIMARY KEY (`n_id`) USING BTREE
) ENGINE=InnoDB DEFAULT CHARSET=utf8 ROW_FORMAT=COMPACT COMMENT='菜单栏记录表';

-- ----------------------------
-- Records of navigation_bar_record
-- ----------------------------
INSERT INTO `navigation_bar_record` VALUES ('1', '首页', '1', '0001', 'nav', '/index.html', null, null);
INSERT INTO `navigation_bar_record` VALUES ('2', '驴行游记', '1', '0001', 'nav', '/index/nav', null, null);
INSERT INTO `navigation_bar_record` VALUES ('3', '旅游攻略', '1', '0001', 'nav', 'http://www.runoob.com/angularjs/angularjs-reference.html', null, null);
INSERT INTO `navigation_bar_record` VALUES ('4', '技术文章', '1', '0001', 'nav', '/index/articlesIndex', null, null);
INSERT INTO `navigation_bar_record` VALUES ('5', '社区问答', '1', '0001', 'nav', '/index/messageWal', null, null);
INSERT INTO `navigation_bar_record` VALUES ('6', '后台管理', '1', '0001', 'nav', null, null, null);

-- ----------------------------
-- Table structure for technology_module
-- ----------------------------
DROP TABLE IF EXISTS `technology_module`;
CREATE TABLE `technology_module` (
  `m_id` int(255) NOT NULL AUTO_INCREMENT COMMENT '数据id	自增长类型\r\n',
  `m_publish_personid` int(255) DEFAULT NULL COMMENT '发布人id	外键--用户信息表用户id\r\n',
  `m_typeid` int(255) DEFAULT NULL COMMENT '文章类型id	外键--文章类型表a_id\r\n',
  `m_title` varchar(255) DEFAULT NULL COMMENT '文章标题',
  `m_content` text COMMENT '文章详细内容\r\n',
  `m_datatime` varchar(255) DEFAULT NULL COMMENT '发布时间\r\n',
  `m_readnum` int(255) DEFAULT NULL COMMENT '浏览次数\r\n',
  PRIMARY KEY (`m_id`) USING BTREE,
  KEY `m_publish_personid` (`m_publish_personid`) USING BTREE,
  KEY `m_typeid` (`m_typeid`) USING BTREE,
  CONSTRAINT `technology_module_ibfk_1` FOREIGN KEY (`m_publish_personid`) REFERENCES `userinfo` (`u_id`) ON DELETE CASCADE ON UPDATE CASCADE,
  CONSTRAINT `technology_module_ibfk_2` FOREIGN KEY (`m_typeid`) REFERENCES `type_of_article` (`a_id`) ON DELETE CASCADE ON UPDATE CASCADE
) ENGINE=InnoDB AUTO_INCREMENT=24 DEFAULT CHARSET=utf8 ROW_FORMAT=COMPACT COMMENT='技术文章表 ';

-- ----------------------------
-- Records of technology_module
-- ----------------------------
INSERT INTO `technology_module` VALUES ('1', '21', '3', 'sdfdsfds', '<p>dsfdsfdsf</p>', '2018-12-18 10:43:37', null);
INSERT INTO `technology_module` VALUES ('2', '21', '3', 'dfgdfgdf', '<p>dfgdfgfd</p>', '2018-12-18 10:45:15', null);
INSERT INTO `technology_module` VALUES ('3', '21', '8', 'SDFDSFDSFDFDSFD', '<p>DDSFDSFFDSFDSdsgsdds上的大师傅大师傅但是</p>', '2018-12-18 10:51:55', null);
INSERT INTO `technology_module` VALUES ('4', '21', '6', 's\'da\'s\'da\'s', '<p>啊实打实</p>', '2018-12-18 10:53:53', null);
INSERT INTO `technology_module` VALUES ('5', '21', '9', '二恶热', '<p>饿热望热望热望</p>', '2018-12-18 11:07:23', null);
INSERT INTO `technology_module` VALUES ('6', '21', '6', '十分士大夫', '<p>额我热我热我</p>', '2018-12-18 11:18:31', null);
INSERT INTO `technology_module` VALUES ('7', '21', '10', '大师傅大师傅', '<p>所发生的</p>', '2018-12-18 11:20:16', null);
INSERT INTO `technology_module` VALUES ('8', '21', '7', '如果的风格', '<p>多个</p>', '2018-12-18 11:20:42', null);
INSERT INTO `technology_module` VALUES ('9', '21', '9', '士大夫大师傅但是发', '<p>随风倒十分</p>', '2018-12-18 11:26:27', null);
INSERT INTO `technology_module` VALUES ('10', '21', '11', '个大概豆腐干', '<p>大概豆腐干地方</p>', '2018-12-18 11:31:54', null);
INSERT INTO `technology_module` VALUES ('11', '21', '6', '解决ng-repeat产生的ng-model中取不到值的问题', '<div><code>&lt;div class=</code><code>\"ques-item hide1 show9a\"</code> <code>id=</code><code>\"q10\"</code><code>&gt;</code></div><div><code>&nbsp;</code><code>&lt;div class=</code><code>\"ques-item-question\"</code><code>&gt;</code></div><div><code>&nbsp;&nbsp;</code><code>10.{{questions[9].questionContent}}</code></div><div><code>&nbsp;</code><code>&lt;/div&gt;</code></div><div><code>&nbsp;</code><code>&lt;div class=</code><code>\"ques-item-option\"</code><code>&gt;</code></div><div><code>&nbsp;&nbsp;</code><code>&lt;div ng-repeat=</code><code>\"option in questions[9].options\"</code><code>&gt;</code></div><div><code>&nbsp;&nbsp;&nbsp;</code><code>&lt;input type=</code><code>\"{{questions[9].questionType}}\"</code> <code>name=</code><code>\"problem10\"</code> <code>value=</code><code>\"{{option.optionCode}}\"</code> <code>id=</code><code>\"{{option.id}}\"</code><code>&gt;</code></div><div><code>&nbsp;&nbsp;&nbsp;</code><code>&lt;label </code><code>for</code><code>=</code><code>\"{{option.id}}\"</code><code>&gt;{{option.optionContent}}&lt;/label&gt;</code></div><div><code>&nbsp;&nbsp;&nbsp;</code><code>&lt;textarea ng-</code><code>if</code><code>=</code><code>\"$index == 4\"</code> <code>class=</code><code>\"ques-option-text\"</code> <code>name=</code><code>\"\"</code> <code>id=</code><code>\"\"</code> <code>cols=</code><code>\"30\"</code> <code>rows=</code><code>\"1\"</code> <code>ng-model=</code><code>\"text10\"</code><code>&gt;&lt;/textarea&gt;</code></div><div><code>&nbsp;&nbsp;</code><code>&lt;/div&gt;</code></div><div><code>&nbsp;</code><code>&lt;/div&gt;</code></div><div><code>&lt;/div&gt;</code></div><div><p>用ng-repeat循环输出了该题目的选项，有的选项后面有输入框，于是用ng-if控制某个选项后面添加textarea输入框。在用ng-model双向绑定了text10后，当输入框中输入内容时，js中的$scope.text10并不能取得内容。</p><p>经过查询发现原因是，ng-repeat会产生子作用域，而js中的scope是父作用域的，Angularjs中的作用域向上查找，所以是不能取得ng-repeat中的绑定值的。</p><p>解决方案就是把子scope中的值通过$parent属性传递给父scope，同时把text10定义为数组，即前端绑定时使用$parent.text10[$index]，这样就绑定了每一个textarea输入框的值，从而能在js中获取到</p><div><code>&lt;div class=</code><code>\"ques-item hide1 show9a\"</code> <code>id=</code><code>\"q10\"</code><code>&gt;</code></div><div><code>&nbsp;</code><code>&lt;div class=</code><code>\"ques-item-question\"</code><code>&gt;</code></div><div><code>&nbsp;&nbsp;</code><code>10.{{questions[9].questionContent}}</code></div><div><code>&nbsp;</code><code>&lt;/div&gt;</code></div><div><code>&nbsp;</code><code>&lt;div class=</code><code>\"ques-item-option\"</code><code>&gt;</code></div><div><code>&nbsp;&nbsp;</code><code>&lt;div ng-repeat=</code><code>\"option in questions[9].options\"</code><code>&gt;</code></div><div><code>&nbsp;&nbsp;&nbsp;</code><code>&lt;input type=</code><code>\"{{questions[9].questionType}}\"</code> <code>name=</code><code>\"problem10\"</code> <code>value=</code><code>\"{{option.optionCode}}\"</code> <code>id=</code><code>\"{{option.id}}\"</code><code>&gt;</code></div><div><code>&nbsp;&nbsp;&nbsp;</code><code>&lt;label </code><code>for</code><code>=</code><code>\"{{option.id}}\"</code><code>&gt;{{option.optionContent}}&lt;/label&gt;</code></div><div><code>&nbsp;&nbsp;&nbsp;</code><code>&lt;textarea ng-</code><code>if</code><code>=</code><code>\"$index == 4\"</code> <code>class=</code><code>\"ques-option-text\"</code> <code>name=</code><code>\"\"</code> <code>id=</code><code>\"\"</code> <code>cols=</code><code>\"30\"</code> <code>rows=</code><code>\"1\"</code> <code>ng-model=</code><code>\"$parent.text10[4]\"</code><code>&gt;&lt;/textarea&gt;</code></div><div><code>&nbsp;&nbsp;</code><code>&lt;/div&gt;</code></div><div><code>&nbsp;</code><code>&lt;/div&gt;</code></div><div><code>&lt;/div&gt;</code></div></div><div><p>以上这篇解决ng-repeat产生的ng-model中取不到值的问题就是小编分享给大家的全部内容了，希望能给大家一个参考，也希望大家多多支持脚本之家。&nbsp;&nbsp;<br></p></div>', '2018-12-18 11:35:56', null);
INSERT INTO `technology_module` VALUES ('12', '21', null, '', '<p><br></p>', '2018-12-18 11:38:26', null);
INSERT INTO `technology_module` VALUES ('13', '21', null, '', '<p><br></p>', '2018-12-18 11:44:38', null);
INSERT INTO `technology_module` VALUES ('14', '21', '3', 'Mybatis中，当插入数据后，返回最新主键id的几种方法，及具体用法', '<p>一、前言　　　　　　　　　　　　　　　　　　　　　　　　　　　　　　　　 &nbsp;&nbsp;<br><br>&nbsp; 数据库操作怎能少了INSERT操作呢？下面记录MyBatis关于INSERT操作的笔记，以便日后查阅。<br><br>&nbsp;<br><br>二、&nbsp;insert元素&nbsp;属性详解　　　　　　　　　　　　　　　　　　　　　　　　　　　　<br><br>&nbsp; 其属性如下：<br><br>&nbsp;&nbsp;&nbsp;parameterType&nbsp;，入参的全限定类名或类型别名<br><br>&nbsp;&nbsp;&nbsp;keyColumn&nbsp;，设置数据表自动生成的主键名。对特定数据库（如PostgreSQL），若自动生成的主键不是第一个字段则必须设置<br><br>&nbsp;&nbsp;&nbsp;keyProperty&nbsp;，默认值unset，用于设置getGeneratedKeys方法或selectKey子元素返回值将赋值到领域模型的哪个属性中<br><br>&nbsp;&nbsp;&nbsp;useGeneratedKeys&nbsp;，取值范围true|false(默认值)，设置是否使用JDBC的getGenereatedKeys方法获取主键并赋值到keyProperty设置的领域模型属性中。MySQL和SQLServer执行auto-generated key field，因此当数据库设置好自增长主键后，可通过JDBC的getGeneratedKeys方法获取。但像Oralce等不支持auto-generated key field的数据库就不能用这种方法获取主键了<br><br>&nbsp;&nbsp;&nbsp;statementType&nbsp;，取值范围STATEMENT,PREPARED（默认值）,CALLABLE<br><br>&nbsp;&nbsp;&nbsp;flushCache&nbsp;，取值范围true(默认值)|false，设置执行该操作后是否会清空二级缓存和本地缓存<br><br>&nbsp;&nbsp;&nbsp;timeout&nbsp;，默认为unset（依赖jdbc驱动器的设置），设置执行该操作的最大时限，超时将抛异常<br><br>&nbsp;&nbsp;&nbsp;databaseId&nbsp;，取值范围oracle|mysql等，表示数据库厂家，元素内部可通过`&lt;if test=\"_databaseId = \'oracle\'\"&gt;`来为特定数据库指定不同的sql语句<br><br>&nbsp;<br><br>三、一般的INSERT操作——返回值为插入的记录数目　　　　　　　　　　　　　　　　<br><br>mapper接口代码：<br><br>/**<br>* 添加学生信息<br>* @param student 学生实例<br>* @return 成功操作的记录数目<br>*/<br>int add(EStudent student);<br>mapper.xml：<br><br>&lt;insert id=\"add\" parameterType=\"EStudent\"&gt;<br>insert into TStudent(name, age) values(#{name}, #{age})<br>&lt;/insert<br>&nbsp;<br><br>四、执行INSERT操作后获取记录主键　　　　　　　　　　　　　　　　　　　　　　　　<br><br>mapper接口代码：<br><br>/**<br>* 添加学生信息<br>* @param student 学生实例<br>* @return 成功操作的记录数目<br>*/<br>int add(EStudent student);<br>至于mapper.xml则分为两种情况了，一种是数据库(如MySQL,SQLServer)支持auto-generated key field，另一种是数据库（如Oracle）不支持auto-generated key field的。<br><br>&nbsp;1.&nbsp;数据库(如MySQL,SQLServer)支持auto-generated key field的情况<br><br>&nbsp;&nbsp;&nbsp; 手段①（推荐做法）：<br><br>&lt;insert id=\"add\" parameterType=\"EStudent\" useGeneratedKeys=\"true\" keyProperty=\"id\"&gt;<br>insert into TStudent(name, age) values(#{name}, #{age})<br>&lt;/insert&gt;<br>&nbsp; &nbsp; 手段②：<br><br><br>&lt;insert id=\"add\" parameterType=\"EStudent\"&gt;<br>// 下面是SQLServer获取最近一次插入记录的主键值的方式<br>&lt;selectKey resultType=\"_long\" keyProperty=\"id\" order=\"AFTER\"&gt;<br>select @@IDENTITY as id<br>&lt;/selectKey&gt;<br>insert into TStudent(name, age) values(#{name}, #{age})<br>&lt;/insert&gt;<br><br>&nbsp; 由于手段②获取主键的方式依赖数据库本身，因此推荐使用手段①。<br><br>&nbsp;2. 数据库(如Oracle)不支持auto-generated key field的情况<br><br><br>&lt;insert id=\"add\" parameterType=\"EStudent\"&gt;<br>&lt;selectKey keyProperty=\"id\" resultType=\"_long\" order=\"BEFORE\"&gt;<br>select CAST(RANDOM * 100000 as INTEGER) a FROM SYSTEM.SYSDUMMY1<br>&lt;/selectKey&gt;<br>insert into TStudent(id, name, age) values(#{id}, #{name}, #{age})<br>&lt;/insert<br><br>&nbsp; 注意：mapper接口返回值依然是成功插入的记录数，但不同的是主键值已经赋值到领域模型实体的id中了。<br><br>&nbsp;<br><br>五、&nbsp;selectKey子元素&nbsp;详解　　　　　　　　　　　　　　　　　　　　　　　　　　　　<br><br>&nbsp; 作用：在insert元素和update元素中插入查询语句。<br><br>&nbsp; 其属性如下：<br><br>&nbsp; &nbsp;&nbsp;&nbsp;keyProperty&nbsp;，默认值unset，用于设置getGeneratedKeys方法或selectKey子元素返回值将赋值到领域模型的哪个属性中<br><br>&nbsp; &nbsp;&nbsp;&nbsp;resultType&nbsp;，keyPropety所指向的属性类全限定类名或类型别名<br><br>&nbsp; &nbsp;&nbsp;&nbsp;order属性&nbsp;，取值范围BEFORE|AFTER，指定是在insert语句前还是后执行selectKey操作<br><br>&nbsp; &nbsp; &nbsp;statementType&nbsp;，取值范围STATEMENT,PREPARED（默认值）,CALLABLE<br><br>注意：selectKey操作会将操作查询结果赋值到insert元素的parameterType的入参实例下对应的属性中。并提供给insert语句使用<br><br>&nbsp;<br><br>六、批量插入　　　　　　　　　　　　　　　　　　　　　　　　　　　　　　　　　<br><br>&nbsp; 方式1：<br><br>&lt;insert id=\"add\" parameterType=\"EStudent\"&gt;<br>&lt;foreach collection=\"list\" item=\"item\" index=\"index\" separator=\";\"&gt;<br>INSERT INTO TStudent(name,age) VALUES(#{item.name}, #{item.age})<br>&lt;/foreach&gt;<br>&lt;/insert&gt;<br>上述方式相当语句逐条INSERT语句执行，将出现如下问题：<br>1. mapper接口的add方法返回值将是最一条INSERT语句的操作成功的记录数目（就是0或1），而不是所有INSERT语句的操作成功的总记录数目<br>2. 当其中一条不成功时，不会进行整体回滚。<br><br>&nbsp; 方式2（仅限于MSSQL）：<br><br><br>&lt;insert id=\"add\" parameterType=\"EStudent\"&gt;<br>WITH R AS<br>&lt;foreach collection=\"list\" item=\"item\" index=\"index\" open=\"(\" close=\")\" separator=\"union all\"&gt;<br>SELECT #{item.name} as a, #{item.age} as b<br>&lt;/foreach&gt;<br>INSERT INTO TStudent(name,age) SELECT a, b FROM R<br>&lt;/insert&gt;<br><br>上述方式解决了方式1中的问题。但该方式仅限于MSSQL<br><br>&nbsp;&nbsp;方式3（通用解决方法）方式3（MSSQL）：<br><br>INSERT INTO TStudent(name,age)&nbsp;<br>&lt;foreach collection=\"list\" item=\"item\" index=\"index\" open=\"(\" close=\")\" separator=\"union all\"&gt;<br>SELECT #{item.name} as a, #{item.age} as b<br>&lt;/foreach&gt;<br>该方式与方式2效果一样，若为Oracle则采用<br><br>INSERT INTO TStudent(name,age)&nbsp;<br>&lt;foreach collection=\"list\" item=\"item\" index=\"index\" open=\"(\" close=\")\" separator=\"union all\"&gt;<br>SELECT #{item.name} as a, #{item.age} as b FROM DUAL<br>&lt;/foreach&gt;<br>---------------------&nbsp;<br>作者：零下忆度&nbsp;<br>来源：CSDN&nbsp;<br>原文：https://blog.csdn.net/sinat_30474567/article/details/51395247&nbsp;<br>版权声明：本文为博主原创文章，转载请附上博文链接！&nbsp;&nbsp;<br></p>', '2018-12-18 14:28:08', null);
INSERT INTO `technology_module` VALUES ('15', '21', '3', 'mybatis配置时出现org.apache.ibatis.binding.BindingException: Invalid bound statement (not found)', '<p><pms song\',=\"\" arial,=\"\" helvetica,=\"\" sans-serif;=\"\" font-size:=\"\" 14px;=\"\" font-style:=\"\" normal;=\"\" font-variant:=\"\" font-weight:=\"\" letter-spacing:=\"\" line-height:=\"\" 21px;=\"\" orphans:=\"\" auto;=\"\" text-align:=\"\" left;=\"\" text-transform:=\"\" none;=\"\" white-space:=\"\" widows:=\"\" 1;=\"\" word-spacing:=\"\" 0px;=\"\" -webkit-text-stroke-width:=\"\" background-color:=\"\" rgb(250,=\"\" 247,=\"\" 239);\"=\"\">如果出现：</pms></p><p></p><p><pms song\',=\"\" arial,=\"\" helvetica,=\"\" sans-serif;=\"\" font-size:=\"\" 14px;=\"\" font-style:=\"\" normal;=\"\" font-variant:=\"\" font-weight:=\"\" letter-spacing:=\"\" line-height:=\"\" 21px;=\"\" orphans:=\"\" auto;=\"\" text-align:=\"\" left;=\"\" text-transform:=\"\" none;=\"\" white-space:=\"\" widows:=\"\" 1;=\"\" word-spacing:=\"\" 0px;=\"\" -webkit-text-stroke-width:=\"\" background-color:=\"\" rgb(250,=\"\" 247,=\"\" 239);\"=\"\"><pms song\',=\"\" arial,=\"\" helvetica,=\"\" sans-serif;=\"\" font-size:=\"\" 14px;=\"\" font-style:=\"\" normal;=\"\" font-variant:=\"\" font-weight:=\"\" letter-spacing:=\"\" line-height:=\"\" 21px;=\"\" orphans:=\"\" auto;=\"\" text-align:=\"\" left;=\"\" text-transform:=\"\" none;=\"\" white-space:=\"\" widows:=\"\" 1;=\"\" word-spacing:=\"\" 0px;=\"\" -webkit-text-stroke-width:=\"\" background-color:=\"\" rgb(250,=\"\" 247,=\"\" 239);\"=\"\">org.apache.ibatis.binding.BindingException: Invalid bound statement (not found)</pms></pms></p><p></p><p><pms song\',=\"\" arial,=\"\" helvetica,=\"\" sans-serif;=\"\" font-size:=\"\" 14px;=\"\" font-style:=\"\" normal;=\"\" font-variant:=\"\" font-weight:=\"\" letter-spacing:=\"\" line-height:=\"\" 21px;=\"\" orphans:=\"\" auto;=\"\" text-align:=\"\" left;=\"\" text-transform:=\"\" none;=\"\" white-space:=\"\" widows:=\"\" 1;=\"\" word-spacing:=\"\" 0px;=\"\" -webkit-text-stroke-width:=\"\" background-color:=\"\" rgb(250,=\"\" 247,=\"\" 239);\"=\"\"><pms song\',=\"\" arial,=\"\" helvetica,=\"\" sans-serif;=\"\" font-size:=\"\" 14px;=\"\" font-style:=\"\" normal;=\"\" font-variant:=\"\" font-weight:=\"\" letter-spacing:=\"\" line-height:=\"\" 21px;=\"\" orphans:=\"\" auto;=\"\" text-align:=\"\" left;=\"\" text-transform:=\"\" none;=\"\" white-space:=\"\" widows:=\"\" 1;=\"\" word-spacing:=\"\" 0px;=\"\" -webkit-text-stroke-width:=\"\" background-color:=\"\" rgb(250,=\"\" 247,=\"\" 239);\"=\"\"><pms song\',=\"\" arial,=\"\" helvetica,=\"\" sans-serif;=\"\" font-size:=\"\" 14px;=\"\" font-style:=\"\" normal;=\"\" font-variant:=\"\" font-weight:=\"\" letter-spacing:=\"\" line-height:=\"\" 21px;=\"\" orphans:=\"\" auto;=\"\" text-align:=\"\" left;=\"\" text-transform:=\"\" none;=\"\" white-space:=\"\" widows:=\"\" 1;=\"\" word-spacing:=\"\" 0px;=\"\" -webkit-text-stroke-width:=\"\" background-color:=\"\" rgb(250,=\"\" 247,=\"\" 239);\"=\"\">一般的原因是Mapper interface和xml文件的定义对应不上，需要检查包名，namespace，函数名称等能否对应上，需要比较细致的对比，我经常就是写错了一两个字母搞的很长时间找不到错误</pms></pms></pms></p><p></p><p><pms song\',=\"\" arial,=\"\" helvetica,=\"\" sans-serif;=\"\" font-size:=\"\" 14px;=\"\" font-style:=\"\" normal;=\"\" font-variant:=\"\" font-weight:=\"\" letter-spacing:=\"\" line-height:=\"\" 21px;=\"\" orphans:=\"\" auto;=\"\" text-align:=\"\" left;=\"\" text-transform:=\"\" none;=\"\" white-space:=\"\" widows:=\"\" 1;=\"\" word-spacing:=\"\" 0px;=\"\" -webkit-text-stroke-width:=\"\" background-color:=\"\" rgb(250,=\"\" 247,=\"\" 239);\"=\"\"><pms song\',=\"\" arial,=\"\" helvetica,=\"\" sans-serif;=\"\" font-size:=\"\" 14px;=\"\" font-style:=\"\" normal;=\"\" font-variant:=\"\" font-weight:=\"\" letter-spacing:=\"\" line-height:=\"\" 21px;=\"\" orphans:=\"\" auto;=\"\" text-align:=\"\" left;=\"\" text-transform:=\"\" none;=\"\" white-space:=\"\" widows:=\"\" 1;=\"\" word-spacing:=\"\" 0px;=\"\" -webkit-text-stroke-width:=\"\" background-color:=\"\" rgb(250,=\"\" 247,=\"\" 239);\"=\"\"><pms song\',=\"\" arial,=\"\" helvetica,=\"\" sans-serif;=\"\" font-size:=\"\" 14px;=\"\" font-style:=\"\" normal;=\"\" font-variant:=\"\" font-weight:=\"\" letter-spacing:=\"\" line-height:=\"\" 21px;=\"\" orphans:=\"\" auto;=\"\" text-align:=\"\" left;=\"\" text-transform:=\"\" none;=\"\" white-space:=\"\" widows:=\"\" 1;=\"\" word-spacing:=\"\" 0px;=\"\" -webkit-text-stroke-width:=\"\" background-color:=\"\" rgb(250,=\"\" 247,=\"\" 239);\"=\"\"><pms song\',=\"\" arial,=\"\" helvetica,=\"\" sans-serif;=\"\" font-size:=\"\" 14px;=\"\" font-style:=\"\" normal;=\"\" font-variant:=\"\" font-weight:=\"\" letter-spacing:=\"\" line-height:=\"\" 21px;=\"\" orphans:=\"\" auto;=\"\" text-align:=\"\" left;=\"\" text-transform:=\"\" none;=\"\" white-space:=\"\" widows:=\"\" 1;=\"\" word-spacing:=\"\" 0px;=\"\" -webkit-text-stroke-width:=\"\" background-color:=\"\" rgb(250,=\"\" 247,=\"\" 239);\"=\"\">按以下步骤一一执行：</pms></pms></pms></pms></p><p></p><p><pms song\',=\"\" arial,=\"\" helvetica,=\"\" sans-serif;=\"\" font-size:=\"\" 14px;=\"\" font-style:=\"\" normal;=\"\" font-variant:=\"\" font-weight:=\"\" letter-spacing:=\"\" line-height:=\"\" 21px;=\"\" orphans:=\"\" auto;=\"\" text-align:=\"\" left;=\"\" text-transform:=\"\" none;=\"\" white-space:=\"\" widows:=\"\" 1;=\"\" word-spacing:=\"\" 0px;=\"\" -webkit-text-stroke-width:=\"\" background-color:=\"\" rgb(250,=\"\" 247,=\"\" 239);\"=\"\"><pms song\',=\"\" arial,=\"\" helvetica,=\"\" sans-serif;=\"\" font-size:=\"\" 14px;=\"\" font-style:=\"\" normal;=\"\" font-variant:=\"\" font-weight:=\"\" letter-spacing:=\"\" line-height:=\"\" 21px;=\"\" orphans:=\"\" auto;=\"\" text-align:=\"\" left;=\"\" text-transform:=\"\" none;=\"\" white-space:=\"\" widows:=\"\" 1;=\"\" word-spacing:=\"\" 0px;=\"\" -webkit-text-stroke-width:=\"\" background-color:=\"\" rgb(250,=\"\" 247,=\"\" 239);\"=\"\"><pms song\',=\"\" arial,=\"\" helvetica,=\"\" sans-serif;=\"\" font-size:=\"\" 14px;=\"\" font-style:=\"\" normal;=\"\" font-variant:=\"\" font-weight:=\"\" letter-spacing:=\"\" line-height:=\"\" 21px;=\"\" orphans:=\"\" auto;=\"\" text-align:=\"\" left;=\"\" text-transform:=\"\" none;=\"\" white-space:=\"\" widows:=\"\" 1;=\"\" word-spacing:=\"\" 0px;=\"\" -webkit-text-stroke-width:=\"\" background-color:=\"\" rgb(250,=\"\" 247,=\"\" 239);\"=\"\"><pms song\',=\"\" arial,=\"\" helvetica,=\"\" sans-serif;=\"\" font-size:=\"\" 14px;=\"\" font-style:=\"\" normal;=\"\" font-variant:=\"\" font-weight:=\"\" letter-spacing:=\"\" line-height:=\"\" 21px;=\"\" orphans:=\"\" auto;=\"\" text-align:=\"\" left;=\"\" text-transform:=\"\" none;=\"\" white-space:=\"\" widows:=\"\" 1;=\"\" word-spacing:=\"\" 0px;=\"\" -webkit-text-stroke-width:=\"\" background-color:=\"\" rgb(250,=\"\" 247,=\"\" 239);\"=\"\"><pms song\',=\"\" arial,=\"\" helvetica,=\"\" sans-serif;=\"\" font-size:=\"\" 14px;=\"\" font-style:=\"\" normal;=\"\" font-variant:=\"\" font-weight:=\"\" letter-spacing:=\"\" line-height:=\"\" 21px;=\"\" orphans:=\"\" auto;=\"\" text-align:=\"\" left;=\"\" text-transform:=\"\" none;=\"\" white-space:=\"\" widows:=\"\" 1;=\"\" word-spacing:=\"\" 0px;=\"\" -webkit-text-stroke-width:=\"\" background-color:=\"\" rgb(250,=\"\" 247,=\"\" 239);\"=\"\">1：检查xml文件所在的package名称是否和interface对应的package名称一一对应</pms></pms></pms></pms></pms></p><p></p><p><pms song\',=\"\" arial,=\"\" helvetica,=\"\" sans-serif;=\"\" font-size:=\"\" 14px;=\"\" font-style:=\"\" normal;=\"\" font-variant:=\"\" font-weight:=\"\" letter-spacing:=\"\" line-height:=\"\" 21px;=\"\" orphans:=\"\" auto;=\"\" text-align:=\"\" left;=\"\" text-transform:=\"\" none;=\"\" white-space:=\"\" widows:=\"\" 1;=\"\" word-spacing:=\"\" 0px;=\"\" -webkit-text-stroke-width:=\"\" background-color:=\"\" rgb(250,=\"\" 247,=\"\" 239);\"=\"\"><pms song\',=\"\" arial,=\"\" helvetica,=\"\" sans-serif;=\"\" font-size:=\"\" 14px;=\"\" font-style:=\"\" normal;=\"\" font-variant:=\"\" font-weight:=\"\" letter-spacing:=\"\" line-height:=\"\" 21px;=\"\" orphans:=\"\" auto;=\"\" text-align:=\"\" left;=\"\" text-transform:=\"\" none;=\"\" white-space:=\"\" widows:=\"\" 1;=\"\" word-spacing:=\"\" 0px;=\"\" -webkit-text-stroke-width:=\"\" background-color:=\"\" rgb(250,=\"\" 247,=\"\" 239);\"=\"\"><pms song\',=\"\" arial,=\"\" helvetica,=\"\" sans-serif;=\"\" font-size:=\"\" 14px;=\"\" font-style:=\"\" normal;=\"\" font-variant:=\"\" font-weight:=\"\" letter-spacing:=\"\" line-height:=\"\" 21px;=\"\" orphans:=\"\" auto;=\"\" text-align:=\"\" left;=\"\" text-transform:=\"\" none;=\"\" white-space:=\"\" widows:=\"\" 1;=\"\" word-spacing:=\"\" 0px;=\"\" -webkit-text-stroke-width:=\"\" background-color:=\"\" rgb(250,=\"\" 247,=\"\" 239);\"=\"\"><pms song\',=\"\" arial,=\"\" helvetica,=\"\" sans-serif;=\"\" font-size:=\"\" 14px;=\"\" font-style:=\"\" normal;=\"\" font-variant:=\"\" font-weight:=\"\" letter-spacing:=\"\" line-height:=\"\" 21px;=\"\" orphans:=\"\" auto;=\"\" text-align:=\"\" left;=\"\" text-transform:=\"\" none;=\"\" white-space:=\"\" widows:=\"\" 1;=\"\" word-spacing:=\"\" 0px;=\"\" -webkit-text-stroke-width:=\"\" background-color:=\"\" rgb(250,=\"\" 247,=\"\" 239);\"=\"\"><pms song\',=\"\" arial,=\"\" helvetica,=\"\" sans-serif;=\"\" font-size:=\"\" 14px;=\"\" font-style:=\"\" normal;=\"\" font-variant:=\"\" font-weight:=\"\" letter-spacing:=\"\" line-height:=\"\" 21px;=\"\" orphans:=\"\" auto;=\"\" text-align:=\"\" left;=\"\" text-transform:=\"\" none;=\"\" white-space:=\"\" widows:=\"\" 1;=\"\" word-spacing:=\"\" 0px;=\"\" -webkit-text-stroke-width:=\"\" background-color:=\"\" rgb(250,=\"\" 247,=\"\" 239);\"=\"\"><pms song\',=\"\" arial,=\"\" helvetica,=\"\" sans-serif;=\"\" font-size:=\"\" 14px;=\"\" font-style:=\"\" normal;=\"\" font-variant:=\"\" font-weight:=\"\" letter-spacing:=\"\" line-height:=\"\" 21px;=\"\" orphans:=\"\" auto;=\"\" text-align:=\"\" left;=\"\" text-transform:=\"\" none;=\"\" white-space:=\"\" widows:=\"\" 1;=\"\" word-spacing:=\"\" 0px;=\"\" -webkit-text-stroke-width:=\"\" background-color:=\"\" rgb(250,=\"\" 247,=\"\" 239);\"=\"\">2：检查xml文件的namespace是否和xml文件的package名称一一对应</pms></pms></pms></pms></pms></pms></p><p></p><p><pms song\',=\"\" arial,=\"\" helvetica,=\"\" sans-serif;=\"\" font-size:=\"\" 14px;=\"\" font-style:=\"\" normal;=\"\" font-variant:=\"\" font-weight:=\"\" letter-spacing:=\"\" line-height:=\"\" 21px;=\"\" orphans:=\"\" auto;=\"\" text-align:=\"\" left;=\"\" text-transform:=\"\" none;=\"\" white-space:=\"\" widows:=\"\" 1;=\"\" word-spacing:=\"\" 0px;=\"\" -webkit-text-stroke-width:=\"\" background-color:=\"\" rgb(250,=\"\" 247,=\"\" 239);\"=\"\"><pms song\',=\"\" arial,=\"\" helvetica,=\"\" sans-serif;=\"\" font-size:=\"\" 14px;=\"\" font-style:=\"\" normal;=\"\" font-variant:=\"\" font-weight:=\"\" letter-spacing:=\"\" line-height:=\"\" 21px;=\"\" orphans:=\"\" auto;=\"\" text-align:=\"\" left;=\"\" text-transform:=\"\" none;=\"\" white-space:=\"\" widows:=\"\" 1;=\"\" word-spacing:=\"\" 0px;=\"\" -webkit-text-stroke-width:=\"\" background-color:=\"\" rgb(250,=\"\" 247,=\"\" 239);\"=\"\"><pms song\',=\"\" arial,=\"\" helvetica,=\"\" sans-serif;=\"\" font-size:=\"\" 14px;=\"\" font-style:=\"\" normal;=\"\" font-variant:=\"\" font-weight:=\"\" letter-spacing:=\"\" line-height:=\"\" 21px;=\"\" orphans:=\"\" auto;=\"\" text-align:=\"\" left;=\"\" text-transform:=\"\" none;=\"\" white-space:=\"\" widows:=\"\" 1;=\"\" word-spacing:=\"\" 0px;=\"\" -webkit-text-stroke-width:=\"\" background-color:=\"\" rgb(250,=\"\" 247,=\"\" 239);\"=\"\"><pms song\',=\"\" arial,=\"\" helvetica,=\"\" sans-serif;=\"\" font-size:=\"\" 14px;=\"\" font-style:=\"\" normal;=\"\" font-variant:=\"\" font-weight:=\"\" letter-spacing:=\"\" line-height:=\"\" 21px;=\"\" orphans:=\"\" auto;=\"\" text-align:=\"\" left;=\"\" text-transform:=\"\" none;=\"\" white-space:=\"\" widows:=\"\" 1;=\"\" word-spacing:=\"\" 0px;=\"\" -webkit-text-stroke-width:=\"\" background-color:=\"\" rgb(250,=\"\" 247,=\"\" 239);\"=\"\"><pms song\',=\"\" arial,=\"\" helvetica,=\"\" sans-serif;=\"\" font-size:=\"\" 14px;=\"\" font-style:=\"\" normal;=\"\" font-variant:=\"\" font-weight:=\"\" letter-spacing:=\"\" line-height:=\"\" 21px;=\"\" orphans:=\"\" auto;=\"\" text-align:=\"\" left;=\"\" text-transform:=\"\" none;=\"\" white-space:=\"\" widows:=\"\" 1;=\"\" word-spacing:=\"\" 0px;=\"\" -webkit-text-stroke-width:=\"\" background-color:=\"\" rgb(250,=\"\" 247,=\"\" 239);\"=\"\"><pms song\',=\"\" arial,=\"\" helvetica,=\"\" sans-serif;=\"\" font-size:=\"\" 14px;=\"\" font-style:=\"\" normal;=\"\" font-variant:=\"\" font-weight:=\"\" letter-spacing:=\"\" line-height:=\"\" 21px;=\"\" orphans:=\"\" auto;=\"\" text-align:=\"\" left;=\"\" text-transform:=\"\" none;=\"\" white-space:=\"\" widows:=\"\" 1;=\"\" word-spacing:=\"\" 0px;=\"\" -webkit-text-stroke-width:=\"\" background-color:=\"\" rgb(250,=\"\" 247,=\"\" 239);\"=\"\"><pms song\',=\"\" arial,=\"\" helvetica,=\"\" sans-serif;=\"\" font-size:=\"\" 14px;=\"\" font-style:=\"\" normal;=\"\" font-variant:=\"\" font-weight:=\"\" letter-spacing:=\"\" line-height:=\"\" 21px;=\"\" orphans:=\"\" auto;=\"\" text-align:=\"\" left;=\"\" text-transform:=\"\" none;=\"\" white-space:=\"\" widows:=\"\" 1;=\"\" word-spacing:=\"\" 0px;=\"\" -webkit-text-stroke-width:=\"\" background-color:=\"\" rgb(250,=\"\" 247,=\"\" 239);\"=\"\">3：检查函数名称能否对应上</pms></pms></pms></pms></pms></pms></pms></p><p></p><p><pms song\',=\"\" arial,=\"\" helvetica,=\"\" sans-serif;=\"\" font-size:=\"\" 14px;=\"\" font-style:=\"\" normal;=\"\" font-variant:=\"\" font-weight:=\"\" letter-spacing:=\"\" line-height:=\"\" 21px;=\"\" orphans:=\"\" auto;=\"\" text-align:=\"\" left;=\"\" text-transform:=\"\" none;=\"\" white-space:=\"\" widows:=\"\" 1;=\"\" word-spacing:=\"\" 0px;=\"\" -webkit-text-stroke-width:=\"\" background-color:=\"\" rgb(250,=\"\" 247,=\"\" 239);\"=\"\"><pms song\',=\"\" arial,=\"\" helvetica,=\"\" sans-serif;=\"\" font-size:=\"\" 14px;=\"\" font-style:=\"\" normal;=\"\" font-variant:=\"\" font-weight:=\"\" letter-spacing:=\"\" line-height:=\"\" 21px;=\"\" orphans:=\"\" auto;=\"\" text-align:=\"\" left;=\"\" text-transform:=\"\" none;=\"\" white-space:=\"\" widows:=\"\" 1;=\"\" word-spacing:=\"\" 0px;=\"\" -webkit-text-stroke-width:=\"\" background-color:=\"\" rgb(250,=\"\" 247,=\"\" 239);\"=\"\"><pms song\',=\"\" arial,=\"\" helvetica,=\"\" sans-serif;=\"\" font-size:=\"\" 14px;=\"\" font-style:=\"\" normal;=\"\" font-variant:=\"\" font-weight:=\"\" letter-spacing:=\"\" line-height:=\"\" 21px;=\"\" orphans:=\"\" auto;=\"\" text-align:=\"\" left;=\"\" text-transform:=\"\" none;=\"\" white-space:=\"\" widows:=\"\" 1;=\"\" word-spacing:=\"\" 0px;=\"\" -webkit-text-stroke-width:=\"\" background-color:=\"\" rgb(250,=\"\" 247,=\"\" 239);\"=\"\"><pms song\',=\"\" arial,=\"\" helvetica,=\"\" sans-serif;=\"\" font-size:=\"\" 14px;=\"\" font-style:=\"\" normal;=\"\" font-variant:=\"\" font-weight:=\"\" letter-spacing:=\"\" line-height:=\"\" 21px;=\"\" orphans:=\"\" auto;=\"\" text-align:=\"\" left;=\"\" text-transform:=\"\" none;=\"\" white-space:=\"\" widows:=\"\" 1;=\"\" word-spacing:=\"\" 0px;=\"\" -webkit-text-stroke-width:=\"\" background-color:=\"\" rgb(250,=\"\" 247,=\"\" 239);\"=\"\"><pms song\',=\"\" arial,=\"\" helvetica,=\"\" sans-serif;=\"\" font-size:=\"\" 14px;=\"\" font-style:=\"\" normal;=\"\" font-variant:=\"\" font-weight:=\"\" letter-spacing:=\"\" line-height:=\"\" 21px;=\"\" orphans:=\"\" auto;=\"\" text-align:=\"\" left;=\"\" text-transform:=\"\" none;=\"\" white-space:=\"\" widows:=\"\" 1;=\"\" word-spacing:=\"\" 0px;=\"\" -webkit-text-stroke-width:=\"\" background-color:=\"\" rgb(250,=\"\" 247,=\"\" 239);\"=\"\"><pms song\',=\"\" arial,=\"\" helvetica,=\"\" sans-serif;=\"\" font-size:=\"\" 14px;=\"\" font-style:=\"\" normal;=\"\" font-variant:=\"\" font-weight:=\"\" letter-spacing:=\"\" line-height:=\"\" 21px;=\"\" orphans:=\"\" auto;=\"\" text-align:=\"\" left;=\"\" text-transform:=\"\" none;=\"\" white-space:=\"\" widows:=\"\" 1;=\"\" word-spacing:=\"\" 0px;=\"\" -webkit-text-stroke-width:=\"\" background-color:=\"\" rgb(250,=\"\" 247,=\"\" 239);\"=\"\"><pms song\',=\"\" arial,=\"\" helvetica,=\"\" sans-serif;=\"\" font-size:=\"\" 14px;=\"\" font-style:=\"\" normal;=\"\" font-variant:=\"\" font-weight:=\"\" letter-spacing:=\"\" line-height:=\"\" 21px;=\"\" orphans:=\"\" auto;=\"\" text-align:=\"\" left;=\"\" text-transform:=\"\" none;=\"\" white-space:=\"\" widows:=\"\" 1;=\"\" word-spacing:=\"\" 0px;=\"\" -webkit-text-stroke-width:=\"\" background-color:=\"\" rgb(250,=\"\" 247,=\"\" 239);\"=\"\"><pms song\',=\"\" arial,=\"\" helvetica,=\"\" sans-serif;=\"\" font-size:=\"\" 14px;=\"\" font-style:=\"\" normal;=\"\" font-variant:=\"\" font-weight:=\"\" letter-spacing:=\"\" line-height:=\"\" 21px;=\"\" orphans:=\"\" auto;=\"\" text-align:=\"\" left;=\"\" text-transform:=\"\" none;=\"\" white-space:=\"\" widows:=\"\" 1;=\"\" word-spacing:=\"\" 0px;=\"\" -webkit-text-stroke-width:=\"\" background-color:=\"\" rgb(250,=\"\" 247,=\"\" 239);\"=\"\">4：去掉xml文件中的中文注释</pms></pms></pms></pms></pms></pms></pms></pms></p><p></p><p><pms song\',=\"\" arial,=\"\" helvetica,=\"\" sans-serif;=\"\" font-size:=\"\" 14px;=\"\" font-style:=\"\" normal;=\"\" font-variant:=\"\" font-weight:=\"\" letter-spacing:=\"\" line-height:=\"\" 21px;=\"\" orphans:=\"\" auto;=\"\" text-align:=\"\" left;=\"\" text-transform:=\"\" none;=\"\" white-space:=\"\" widows:=\"\" 1;=\"\" word-spacing:=\"\" 0px;=\"\" -webkit-text-stroke-width:=\"\" background-color:=\"\" rgb(250,=\"\" 247,=\"\" 239);\"=\"\"><pms song\',=\"\" arial,=\"\" helvetica,=\"\" sans-serif;=\"\" font-size:=\"\" 14px;=\"\" font-style:=\"\" normal;=\"\" font-variant:=\"\" font-weight:=\"\" letter-spacing:=\"\" line-height:=\"\" 21px;=\"\" orphans:=\"\" auto;=\"\" text-align:=\"\" left;=\"\" text-transform:=\"\" none;=\"\" white-space:=\"\" widows:=\"\" 1;=\"\" word-spacing:=\"\" 0px;=\"\" -webkit-text-stroke-width:=\"\" background-color:=\"\" rgb(250,=\"\" 247,=\"\" 239);\"=\"\"><pms song\',=\"\" arial,=\"\" helvetica,=\"\" sans-serif;=\"\" font-size:=\"\" 14px;=\"\" font-style:=\"\" normal;=\"\" font-variant:=\"\" font-weight:=\"\" letter-spacing:=\"\" line-height:=\"\" 21px;=\"\" orphans:=\"\" auto;=\"\" text-align:=\"\" left;=\"\" text-transform:=\"\" none;=\"\" white-space:=\"\" widows:=\"\" 1;=\"\" word-spacing:=\"\" 0px;=\"\" -webkit-text-stroke-width:=\"\" background-color:=\"\" rgb(250,=\"\" 247,=\"\" 239);\"=\"\"><pms song\',=\"\" arial,=\"\" helvetica,=\"\" sans-serif;=\"\" font-size:=\"\" 14px;=\"\" font-style:=\"\" normal;=\"\" font-variant:=\"\" font-weight:=\"\" letter-spacing:=\"\" line-height:=\"\" 21px;=\"\" orphans:=\"\" auto;=\"\" text-align:=\"\" left;=\"\" text-transform:=\"\" none;=\"\" white-space:=\"\" widows:=\"\" 1;=\"\" word-spacing:=\"\" 0px;=\"\" -webkit-text-stroke-width:=\"\" background-color:=\"\" rgb(250,=\"\" 247,=\"\" 239);\"=\"\"><pms song\',=\"\" arial,=\"\" helvetica,=\"\" sans-serif;=\"\" font-size:=\"\" 14px;=\"\" font-style:=\"\" normal;=\"\" font-variant:=\"\" font-weight:=\"\" letter-spacing:=\"\" line-height:=\"\" 21px;=\"\" orphans:=\"\" auto;=\"\" text-align:=\"\" left;=\"\" text-transform:=\"\" none;=\"\" white-space:=\"\" widows:=\"\" 1;=\"\" word-spacing:=\"\" 0px;=\"\" -webkit-text-stroke-width:=\"\" background-color:=\"\" rgb(250,=\"\" 247,=\"\" 239);\"=\"\"><pms song\',=\"\" arial,=\"\" helvetica,=\"\" sans-serif;=\"\" font-size:=\"\" 14px;=\"\" font-style:=\"\" normal;=\"\" font-variant:=\"\" font-weight:=\"\" letter-spacing:=\"\" line-height:=\"\" 21px;=\"\" orphans:=\"\" auto;=\"\" text-align:=\"\" left;=\"\" text-transform:=\"\" none;=\"\" white-space:=\"\" widows:=\"\" 1;=\"\" word-spacing:=\"\" 0px;=\"\" -webkit-text-stroke-width:=\"\" background-color:=\"\" rgb(250,=\"\" 247,=\"\" 239);\"=\"\"><pms song\',=\"\" arial,=\"\" helvetica,=\"\" sans-serif;=\"\" font-size:=\"\" 14px;=\"\" font-style:=\"\" normal;=\"\" font-variant:=\"\" font-weight:=\"\" letter-spacing:=\"\" line-height:=\"\" 21px;=\"\" orphans:=\"\" auto;=\"\" text-align:=\"\" left;=\"\" text-transform:=\"\" none;=\"\" white-space:=\"\" widows:=\"\" 1;=\"\" word-spacing:=\"\" 0px;=\"\" -webkit-text-stroke-width:=\"\" background-color:=\"\" rgb(250,=\"\" 247,=\"\" 239);\"=\"\"><pms song\',=\"\" arial,=\"\" helvetica,=\"\" sans-serif;=\"\" font-size:=\"\" 14px;=\"\" font-style:=\"\" normal;=\"\" font-variant:=\"\" font-weight:=\"\" letter-spacing:=\"\" line-height:=\"\" 21px;=\"\" orphans:=\"\" auto;=\"\" text-align:=\"\" left;=\"\" text-transform:=\"\" none;=\"\" white-space:=\"\" widows:=\"\" 1;=\"\" word-spacing:=\"\" 0px;=\"\" -webkit-text-stroke-width:=\"\" background-color:=\"\" rgb(250,=\"\" 247,=\"\" 239);\"=\"\"><pms song\',=\"\" arial,=\"\" helvetica,=\"\" sans-serif;=\"\" font-size:=\"\" 14px;=\"\" font-style:=\"\" normal;=\"\" font-variant:=\"\" font-weight:=\"\" letter-spacing:=\"\" line-height:=\"\" 21px;=\"\" orphans:=\"\" auto;=\"\" text-align:=\"\" left;=\"\" text-transform:=\"\" none;=\"\" white-space:=\"\" widows:=\"\" 1;=\"\" word-spacing:=\"\" 0px;=\"\" -webkit-text-stroke-width:=\"\" background-color:=\"\" rgb(250,=\"\" 247,=\"\" 239);\"=\"\">5：随意在xml文件中加一个空格或者空行然后保存</pms></pms></pms></pms></pms></pms></pms></pms></pms></p><p></p><p><pms song\',=\"\" arial,=\"\" helvetica,=\"\" sans-serif;=\"\" font-size:=\"\" 14px;=\"\" font-style:=\"\" normal;=\"\" font-variant:=\"\" font-weight:=\"\" letter-spacing:=\"\" line-height:=\"\" 21px;=\"\" orphans:=\"\" auto;=\"\" text-align:=\"\" left;=\"\" text-transform:=\"\" none;=\"\" white-space:=\"\" widows:=\"\" 1;=\"\" word-spacing:=\"\" 0px;=\"\" -webkit-text-stroke-width:=\"\" background-color:=\"\" rgb(250,=\"\" 247,=\"\" 239);\"=\"\"><pms song\',=\"\" arial,=\"\" helvetica,=\"\" sans-serif;=\"\" font-size:=\"\" 14px;=\"\" font-style:=\"\" normal;=\"\" font-variant:=\"\" font-weight:=\"\" letter-spacing:=\"\" line-height:=\"\" 21px;=\"\" orphans:=\"\" auto;=\"\" text-align:=\"\" left;=\"\" text-transform:=\"\" none;=\"\" white-space:=\"\" widows:=\"\" 1;=\"\" word-spacing:=\"\" 0px;=\"\" -webkit-text-stroke-width:=\"\" background-color:=\"\" rgb(250,=\"\" 247,=\"\" 239);\"=\"\"><pms song\',=\"\" arial,=\"\" helvetica,=\"\" sans-serif;=\"\" font-size:=\"\" 14px;=\"\" font-style:=\"\" normal;=\"\" font-variant:=\"\" font-weight:=\"\" letter-spacing:=\"\" line-height:=\"\" 21px;=\"\" orphans:=\"\" auto;=\"\" text-align:=\"\" left;=\"\" text-transform:=\"\" none;=\"\" white-space:=\"\" widows:=\"\" 1;=\"\" word-spacing:=\"\" 0px;=\"\" -webkit-text-stroke-width:=\"\" background-color:=\"\" rgb(250,=\"\" 247,=\"\" 239);\"=\"\"><pms song\',=\"\" arial,=\"\" helvetica,=\"\" sans-serif;=\"\" font-size:=\"\" 14px;=\"\" font-style:=\"\" normal;=\"\" font-variant:=\"\" font-weight:=\"\" letter-spacing:=\"\" line-height:=\"\" 21px;=\"\" orphans:=\"\" auto;=\"\" text-align:=\"\" left;=\"\" text-transform:=\"\" none;=\"\" white-space:=\"\" widows:=\"\" 1;=\"\" word-spacing:=\"\" 0px;=\"\" -webkit-text-stroke-width:=\"\" background-color:=\"\" rgb(250,=\"\" 247,=\"\" 239);\"=\"\"><pms song\',=\"\" arial,=\"\" helvetica,=\"\" sans-serif;=\"\" font-size:=\"\" 14px;=\"\" font-style:=\"\" normal;=\"\" font-variant:=\"\" font-weight:=\"\" letter-spacing:=\"\" line-height:=\"\" 21px;=\"\" orphans:=\"\" auto;=\"\" text-align:=\"\" left;=\"\" text-transform:=\"\" none;=\"\" white-space:=\"\" widows:=\"\" 1;=\"\" word-spacing:=\"\" 0px;=\"\" -webkit-text-stroke-width:=\"\" background-color:=\"\" rgb(250,=\"\" 247,=\"\" 239);\"=\"\"><pms song\',=\"\" arial,=\"\" helvetica,=\"\" sans-serif;=\"\" font-size:=\"\" 14px;=\"\" font-style:=\"\" normal;=\"\" font-variant:=\"\" font-weight:=\"\" letter-spacing:=\"\" line-height:=\"\" 21px;=\"\" orphans:=\"\" auto;=\"\" text-align:=\"\" left;=\"\" text-transform:=\"\" none;=\"\" white-space:=\"\" widows:=\"\" 1;=\"\" word-spacing:=\"\" 0px;=\"\" -webkit-text-stroke-width:=\"\" background-color:=\"\" rgb(250,=\"\" 247,=\"\" 239);\"=\"\"><pms song\',=\"\" arial,=\"\" helvetica,=\"\" sans-serif;=\"\" font-size:=\"\" 14px;=\"\" font-style:=\"\" normal;=\"\" font-variant:=\"\" font-weight:=\"\" letter-spacing:=\"\" line-height:=\"\" 21px;=\"\" orphans:=\"\" auto;=\"\" text-align:=\"\" left;=\"\" text-transform:=\"\" none;=\"\" white-space:=\"\" widows:=\"\" 1;=\"\" word-spacing:=\"\" 0px;=\"\" -webkit-text-stroke-width:=\"\" background-color:=\"\" rgb(250,=\"\" 247,=\"\" 239);\"=\"\"><pms song\',=\"\" arial,=\"\" helvetica,=\"\" sans-serif;=\"\" font-size:=\"\" 14px;=\"\" font-style:=\"\" normal;=\"\" font-variant:=\"\" font-weight:=\"\" letter-spacing:=\"\" line-height:=\"\" 21px;=\"\" orphans:=\"\" auto;=\"\" text-align:=\"\" left;=\"\" text-transform:=\"\" none;=\"\" white-space:=\"\" widows:=\"\" 1;=\"\" word-spacing:=\"\" 0px;=\"\" -webkit-text-stroke-width:=\"\" background-color:=\"\" rgb(250,=\"\" 247,=\"\" 239);\"=\"\"><pms song\',=\"\" arial,=\"\" helvetica,=\"\" sans-serif;=\"\" font-size:=\"\" 14px;=\"\" font-style:=\"\" normal;=\"\" font-variant:=\"\" font-weight:=\"\" letter-spacing:=\"\" line-height:=\"\" 21px;=\"\" orphans:=\"\" auto;=\"\" text-align:=\"\" left;=\"\" text-transform:=\"\" none;=\"\" white-space:=\"\" widows:=\"\" 1;=\"\" word-spacing:=\"\" 0px;=\"\" -webkit-text-stroke-width:=\"\" background-color:=\"\" rgb(250,=\"\" 247,=\"\" 239);\"=\"\"><pms song\',=\"\" arial,=\"\" helvetica,=\"\" sans-serif;=\"\" font-size:=\"\" 14px;=\"\" font-style:=\"\" normal;=\"\" font-variant:=\"\" font-weight:=\"\" letter-spacing:=\"\" line-height:=\"\" 21px;=\"\" orphans:=\"\" auto;=\"\" text-align:=\"\" left;=\"\" text-transform:=\"\" none;=\"\" white-space:=\"\" widows:=\"\" 1;=\"\" word-spacing:=\"\" 0px;=\"\" -webkit-text-stroke-width:=\"\" background-color:=\"\" rgb(250,=\"\" 247,=\"\" 239);\"=\"\">一般来说到此就可以排除错误了</pms></pms></pms></pms></pms></pms></pms></pms></pms></pms></p><p></p>', '2018-12-18 14:39:40', null);
INSERT INTO `technology_module` VALUES ('16', '21', '3', 'mybatis配置时出现org.apache.ibatis.binding.BindingException: Invalid bound statement (not found)', '<p><pms song\',=\"\" arial,=\"\" helvetica,=\"\" sans-serif;=\"\" font-size:=\"\" 14px;=\"\" font-style:=\"\" normal;=\"\" font-variant:=\"\" font-weight:=\"\" letter-spacing:=\"\" line-height:=\"\" 21px;=\"\" orphans:=\"\" auto;=\"\" text-align:=\"\" left;=\"\" text-transform:=\"\" none;=\"\" white-space:=\"\" widows:=\"\" 1;=\"\" word-spacing:=\"\" 0px;=\"\" -webkit-text-stroke-width:=\"\" background-color:=\"\" rgb(250,=\"\" 247,=\"\" 239);\"=\"\">如果出现：</pms></p><p></p><p><pms song\',=\"\" arial,=\"\" helvetica,=\"\" sans-serif;=\"\" font-size:=\"\" 14px;=\"\" font-style:=\"\" normal;=\"\" font-variant:=\"\" font-weight:=\"\" letter-spacing:=\"\" line-height:=\"\" 21px;=\"\" orphans:=\"\" auto;=\"\" text-align:=\"\" left;=\"\" text-transform:=\"\" none;=\"\" white-space:=\"\" widows:=\"\" 1;=\"\" word-spacing:=\"\" 0px;=\"\" -webkit-text-stroke-width:=\"\" background-color:=\"\" rgb(250,=\"\" 247,=\"\" 239);\"=\"\"><pms song\',=\"\" arial,=\"\" helvetica,=\"\" sans-serif;=\"\" font-size:=\"\" 14px;=\"\" font-style:=\"\" normal;=\"\" font-variant:=\"\" font-weight:=\"\" letter-spacing:=\"\" line-height:=\"\" 21px;=\"\" orphans:=\"\" auto;=\"\" text-align:=\"\" left;=\"\" text-transform:=\"\" none;=\"\" white-space:=\"\" widows:=\"\" 1;=\"\" word-spacing:=\"\" 0px;=\"\" -webkit-text-stroke-width:=\"\" background-color:=\"\" rgb(250,=\"\" 247,=\"\" 239);\"=\"\">org.apache.ibatis.binding.BindingException: Invalid bound statement (not found)</pms></pms></p><p></p><p><pms song\',=\"\" arial,=\"\" helvetica,=\"\" sans-serif;=\"\" font-size:=\"\" 14px;=\"\" font-style:=\"\" normal;=\"\" font-variant:=\"\" font-weight:=\"\" letter-spacing:=\"\" line-height:=\"\" 21px;=\"\" orphans:=\"\" auto;=\"\" text-align:=\"\" left;=\"\" text-transform:=\"\" none;=\"\" white-space:=\"\" widows:=\"\" 1;=\"\" word-spacing:=\"\" 0px;=\"\" -webkit-text-stroke-width:=\"\" background-color:=\"\" rgb(250,=\"\" 247,=\"\" 239);\"=\"\"><pms song\',=\"\" arial,=\"\" helvetica,=\"\" sans-serif;=\"\" font-size:=\"\" 14px;=\"\" font-style:=\"\" normal;=\"\" font-variant:=\"\" font-weight:=\"\" letter-spacing:=\"\" line-height:=\"\" 21px;=\"\" orphans:=\"\" auto;=\"\" text-align:=\"\" left;=\"\" text-transform:=\"\" none;=\"\" white-space:=\"\" widows:=\"\" 1;=\"\" word-spacing:=\"\" 0px;=\"\" -webkit-text-stroke-width:=\"\" background-color:=\"\" rgb(250,=\"\" 247,=\"\" 239);\"=\"\"><pms song\',=\"\" arial,=\"\" helvetica,=\"\" sans-serif;=\"\" font-size:=\"\" 14px;=\"\" font-style:=\"\" normal;=\"\" font-variant:=\"\" font-weight:=\"\" letter-spacing:=\"\" line-height:=\"\" 21px;=\"\" orphans:=\"\" auto;=\"\" text-align:=\"\" left;=\"\" text-transform:=\"\" none;=\"\" white-space:=\"\" widows:=\"\" 1;=\"\" word-spacing:=\"\" 0px;=\"\" -webkit-text-stroke-width:=\"\" background-color:=\"\" rgb(250,=\"\" 247,=\"\" 239);\"=\"\">一般的原因是Mapper interface和xml文件的定义对应不上，需要检查包名，namespace，函数名称等能否对应上，需要比较细致的对比，我经常就是写错了一两个字母搞的很长时间找不到错误</pms></pms></pms></p><p></p><p><pms song\',=\"\" arial,=\"\" helvetica,=\"\" sans-serif;=\"\" font-size:=\"\" 14px;=\"\" font-style:=\"\" normal;=\"\" font-variant:=\"\" font-weight:=\"\" letter-spacing:=\"\" line-height:=\"\" 21px;=\"\" orphans:=\"\" auto;=\"\" text-align:=\"\" left;=\"\" text-transform:=\"\" none;=\"\" white-space:=\"\" widows:=\"\" 1;=\"\" word-spacing:=\"\" 0px;=\"\" -webkit-text-stroke-width:=\"\" background-color:=\"\" rgb(250,=\"\" 247,=\"\" 239);\"=\"\"><pms song\',=\"\" arial,=\"\" helvetica,=\"\" sans-serif;=\"\" font-size:=\"\" 14px;=\"\" font-style:=\"\" normal;=\"\" font-variant:=\"\" font-weight:=\"\" letter-spacing:=\"\" line-height:=\"\" 21px;=\"\" orphans:=\"\" auto;=\"\" text-align:=\"\" left;=\"\" text-transform:=\"\" none;=\"\" white-space:=\"\" widows:=\"\" 1;=\"\" word-spacing:=\"\" 0px;=\"\" -webkit-text-stroke-width:=\"\" background-color:=\"\" rgb(250,=\"\" 247,=\"\" 239);\"=\"\"><pms song\',=\"\" arial,=\"\" helvetica,=\"\" sans-serif;=\"\" font-size:=\"\" 14px;=\"\" font-style:=\"\" normal;=\"\" font-variant:=\"\" font-weight:=\"\" letter-spacing:=\"\" line-height:=\"\" 21px;=\"\" orphans:=\"\" auto;=\"\" text-align:=\"\" left;=\"\" text-transform:=\"\" none;=\"\" white-space:=\"\" widows:=\"\" 1;=\"\" word-spacing:=\"\" 0px;=\"\" -webkit-text-stroke-width:=\"\" background-color:=\"\" rgb(250,=\"\" 247,=\"\" 239);\"=\"\"><pms song\',=\"\" arial,=\"\" helvetica,=\"\" sans-serif;=\"\" font-size:=\"\" 14px;=\"\" font-style:=\"\" normal;=\"\" font-variant:=\"\" font-weight:=\"\" letter-spacing:=\"\" line-height:=\"\" 21px;=\"\" orphans:=\"\" auto;=\"\" text-align:=\"\" left;=\"\" text-transform:=\"\" none;=\"\" white-space:=\"\" widows:=\"\" 1;=\"\" word-spacing:=\"\" 0px;=\"\" -webkit-text-stroke-width:=\"\" background-color:=\"\" rgb(250,=\"\" 247,=\"\" 239);\"=\"\">按以下步骤一一执行：</pms></pms></pms></pms></p><p></p><p><pms song\',=\"\" arial,=\"\" helvetica,=\"\" sans-serif;=\"\" font-size:=\"\" 14px;=\"\" font-style:=\"\" normal;=\"\" font-variant:=\"\" font-weight:=\"\" letter-spacing:=\"\" line-height:=\"\" 21px;=\"\" orphans:=\"\" auto;=\"\" text-align:=\"\" left;=\"\" text-transform:=\"\" none;=\"\" white-space:=\"\" widows:=\"\" 1;=\"\" word-spacing:=\"\" 0px;=\"\" -webkit-text-stroke-width:=\"\" background-color:=\"\" rgb(250,=\"\" 247,=\"\" 239);\"=\"\"><pms song\',=\"\" arial,=\"\" helvetica,=\"\" sans-serif;=\"\" font-size:=\"\" 14px;=\"\" font-style:=\"\" normal;=\"\" font-variant:=\"\" font-weight:=\"\" letter-spacing:=\"\" line-height:=\"\" 21px;=\"\" orphans:=\"\" auto;=\"\" text-align:=\"\" left;=\"\" text-transform:=\"\" none;=\"\" white-space:=\"\" widows:=\"\" 1;=\"\" word-spacing:=\"\" 0px;=\"\" -webkit-text-stroke-width:=\"\" background-color:=\"\" rgb(250,=\"\" 247,=\"\" 239);\"=\"\"><pms song\',=\"\" arial,=\"\" helvetica,=\"\" sans-serif;=\"\" font-size:=\"\" 14px;=\"\" font-style:=\"\" normal;=\"\" font-variant:=\"\" font-weight:=\"\" letter-spacing:=\"\" line-height:=\"\" 21px;=\"\" orphans:=\"\" auto;=\"\" text-align:=\"\" left;=\"\" text-transform:=\"\" none;=\"\" white-space:=\"\" widows:=\"\" 1;=\"\" word-spacing:=\"\" 0px;=\"\" -webkit-text-stroke-width:=\"\" background-color:=\"\" rgb(250,=\"\" 247,=\"\" 239);\"=\"\"><pms song\',=\"\" arial,=\"\" helvetica,=\"\" sans-serif;=\"\" font-size:=\"\" 14px;=\"\" font-style:=\"\" normal;=\"\" font-variant:=\"\" font-weight:=\"\" letter-spacing:=\"\" line-height:=\"\" 21px;=\"\" orphans:=\"\" auto;=\"\" text-align:=\"\" left;=\"\" text-transform:=\"\" none;=\"\" white-space:=\"\" widows:=\"\" 1;=\"\" word-spacing:=\"\" 0px;=\"\" -webkit-text-stroke-width:=\"\" background-color:=\"\" rgb(250,=\"\" 247,=\"\" 239);\"=\"\"><pms song\',=\"\" arial,=\"\" helvetica,=\"\" sans-serif;=\"\" font-size:=\"\" 14px;=\"\" font-style:=\"\" normal;=\"\" font-variant:=\"\" font-weight:=\"\" letter-spacing:=\"\" line-height:=\"\" 21px;=\"\" orphans:=\"\" auto;=\"\" text-align:=\"\" left;=\"\" text-transform:=\"\" none;=\"\" white-space:=\"\" widows:=\"\" 1;=\"\" word-spacing:=\"\" 0px;=\"\" -webkit-text-stroke-width:=\"\" background-color:=\"\" rgb(250,=\"\" 247,=\"\" 239);\"=\"\">1：检查xml文件所在的package名称是否和interface对应的package名称一一对应</pms></pms></pms></pms></pms></p><p></p><p><pms song\',=\"\" arial,=\"\" helvetica,=\"\" sans-serif;=\"\" font-size:=\"\" 14px;=\"\" font-style:=\"\" normal;=\"\" font-variant:=\"\" font-weight:=\"\" letter-spacing:=\"\" line-height:=\"\" 21px;=\"\" orphans:=\"\" auto;=\"\" text-align:=\"\" left;=\"\" text-transform:=\"\" none;=\"\" white-space:=\"\" widows:=\"\" 1;=\"\" word-spacing:=\"\" 0px;=\"\" -webkit-text-stroke-width:=\"\" background-color:=\"\" rgb(250,=\"\" 247,=\"\" 239);\"=\"\"><pms song\',=\"\" arial,=\"\" helvetica,=\"\" sans-serif;=\"\" font-size:=\"\" 14px;=\"\" font-style:=\"\" normal;=\"\" font-variant:=\"\" font-weight:=\"\" letter-spacing:=\"\" line-height:=\"\" 21px;=\"\" orphans:=\"\" auto;=\"\" text-align:=\"\" left;=\"\" text-transform:=\"\" none;=\"\" white-space:=\"\" widows:=\"\" 1;=\"\" word-spacing:=\"\" 0px;=\"\" -webkit-text-stroke-width:=\"\" background-color:=\"\" rgb(250,=\"\" 247,=\"\" 239);\"=\"\"><pms song\',=\"\" arial,=\"\" helvetica,=\"\" sans-serif;=\"\" font-size:=\"\" 14px;=\"\" font-style:=\"\" normal;=\"\" font-variant:=\"\" font-weight:=\"\" letter-spacing:=\"\" line-height:=\"\" 21px;=\"\" orphans:=\"\" auto;=\"\" text-align:=\"\" left;=\"\" text-transform:=\"\" none;=\"\" white-space:=\"\" widows:=\"\" 1;=\"\" word-spacing:=\"\" 0px;=\"\" -webkit-text-stroke-width:=\"\" background-color:=\"\" rgb(250,=\"\" 247,=\"\" 239);\"=\"\"><pms song\',=\"\" arial,=\"\" helvetica,=\"\" sans-serif;=\"\" font-size:=\"\" 14px;=\"\" font-style:=\"\" normal;=\"\" font-variant:=\"\" font-weight:=\"\" letter-spacing:=\"\" line-height:=\"\" 21px;=\"\" orphans:=\"\" auto;=\"\" text-align:=\"\" left;=\"\" text-transform:=\"\" none;=\"\" white-space:=\"\" widows:=\"\" 1;=\"\" word-spacing:=\"\" 0px;=\"\" -webkit-text-stroke-width:=\"\" background-color:=\"\" rgb(250,=\"\" 247,=\"\" 239);\"=\"\"><pms song\',=\"\" arial,=\"\" helvetica,=\"\" sans-serif;=\"\" font-size:=\"\" 14px;=\"\" font-style:=\"\" normal;=\"\" font-variant:=\"\" font-weight:=\"\" letter-spacing:=\"\" line-height:=\"\" 21px;=\"\" orphans:=\"\" auto;=\"\" text-align:=\"\" left;=\"\" text-transform:=\"\" none;=\"\" white-space:=\"\" widows:=\"\" 1;=\"\" word-spacing:=\"\" 0px;=\"\" -webkit-text-stroke-width:=\"\" background-color:=\"\" rgb(250,=\"\" 247,=\"\" 239);\"=\"\"><pms song\',=\"\" arial,=\"\" helvetica,=\"\" sans-serif;=\"\" font-size:=\"\" 14px;=\"\" font-style:=\"\" normal;=\"\" font-variant:=\"\" font-weight:=\"\" letter-spacing:=\"\" line-height:=\"\" 21px;=\"\" orphans:=\"\" auto;=\"\" text-align:=\"\" left;=\"\" text-transform:=\"\" none;=\"\" white-space:=\"\" widows:=\"\" 1;=\"\" word-spacing:=\"\" 0px;=\"\" -webkit-text-stroke-width:=\"\" background-color:=\"\" rgb(250,=\"\" 247,=\"\" 239);\"=\"\">2：检查xml文件的namespace是否和xml文件的package名称一一对应</pms></pms></pms></pms></pms></pms></p><p></p><p><pms song\',=\"\" arial,=\"\" helvetica,=\"\" sans-serif;=\"\" font-size:=\"\" 14px;=\"\" font-style:=\"\" normal;=\"\" font-variant:=\"\" font-weight:=\"\" letter-spacing:=\"\" line-height:=\"\" 21px;=\"\" orphans:=\"\" auto;=\"\" text-align:=\"\" left;=\"\" text-transform:=\"\" none;=\"\" white-space:=\"\" widows:=\"\" 1;=\"\" word-spacing:=\"\" 0px;=\"\" -webkit-text-stroke-width:=\"\" background-color:=\"\" rgb(250,=\"\" 247,=\"\" 239);\"=\"\"><pms song\',=\"\" arial,=\"\" helvetica,=\"\" sans-serif;=\"\" font-size:=\"\" 14px;=\"\" font-style:=\"\" normal;=\"\" font-variant:=\"\" font-weight:=\"\" letter-spacing:=\"\" line-height:=\"\" 21px;=\"\" orphans:=\"\" auto;=\"\" text-align:=\"\" left;=\"\" text-transform:=\"\" none;=\"\" white-space:=\"\" widows:=\"\" 1;=\"\" word-spacing:=\"\" 0px;=\"\" -webkit-text-stroke-width:=\"\" background-color:=\"\" rgb(250,=\"\" 247,=\"\" 239);\"=\"\"><pms song\',=\"\" arial,=\"\" helvetica,=\"\" sans-serif;=\"\" font-size:=\"\" 14px;=\"\" font-style:=\"\" normal;=\"\" font-variant:=\"\" font-weight:=\"\" letter-spacing:=\"\" line-height:=\"\" 21px;=\"\" orphans:=\"\" auto;=\"\" text-align:=\"\" left;=\"\" text-transform:=\"\" none;=\"\" white-space:=\"\" widows:=\"\" 1;=\"\" word-spacing:=\"\" 0px;=\"\" -webkit-text-stroke-width:=\"\" background-color:=\"\" rgb(250,=\"\" 247,=\"\" 239);\"=\"\"><pms song\',=\"\" arial,=\"\" helvetica,=\"\" sans-serif;=\"\" font-size:=\"\" 14px;=\"\" font-style:=\"\" normal;=\"\" font-variant:=\"\" font-weight:=\"\" letter-spacing:=\"\" line-height:=\"\" 21px;=\"\" orphans:=\"\" auto;=\"\" text-align:=\"\" left;=\"\" text-transform:=\"\" none;=\"\" white-space:=\"\" widows:=\"\" 1;=\"\" word-spacing:=\"\" 0px;=\"\" -webkit-text-stroke-width:=\"\" background-color:=\"\" rgb(250,=\"\" 247,=\"\" 239);\"=\"\"><pms song\',=\"\" arial,=\"\" helvetica,=\"\" sans-serif;=\"\" font-size:=\"\" 14px;=\"\" font-style:=\"\" normal;=\"\" font-variant:=\"\" font-weight:=\"\" letter-spacing:=\"\" line-height:=\"\" 21px;=\"\" orphans:=\"\" auto;=\"\" text-align:=\"\" left;=\"\" text-transform:=\"\" none;=\"\" white-space:=\"\" widows:=\"\" 1;=\"\" word-spacing:=\"\" 0px;=\"\" -webkit-text-stroke-width:=\"\" background-color:=\"\" rgb(250,=\"\" 247,=\"\" 239);\"=\"\"><pms song\',=\"\" arial,=\"\" helvetica,=\"\" sans-serif;=\"\" font-size:=\"\" 14px;=\"\" font-style:=\"\" normal;=\"\" font-variant:=\"\" font-weight:=\"\" letter-spacing:=\"\" line-height:=\"\" 21px;=\"\" orphans:=\"\" auto;=\"\" text-align:=\"\" left;=\"\" text-transform:=\"\" none;=\"\" white-space:=\"\" widows:=\"\" 1;=\"\" word-spacing:=\"\" 0px;=\"\" -webkit-text-stroke-width:=\"\" background-color:=\"\" rgb(250,=\"\" 247,=\"\" 239);\"=\"\"><pms song\',=\"\" arial,=\"\" helvetica,=\"\" sans-serif;=\"\" font-size:=\"\" 14px;=\"\" font-style:=\"\" normal;=\"\" font-variant:=\"\" font-weight:=\"\" letter-spacing:=\"\" line-height:=\"\" 21px;=\"\" orphans:=\"\" auto;=\"\" text-align:=\"\" left;=\"\" text-transform:=\"\" none;=\"\" white-space:=\"\" widows:=\"\" 1;=\"\" word-spacing:=\"\" 0px;=\"\" -webkit-text-stroke-width:=\"\" background-color:=\"\" rgb(250,=\"\" 247,=\"\" 239);\"=\"\">3：检查函数名称能否对应上</pms></pms></pms></pms></pms></pms></pms></p><p></p><p><pms song\',=\"\" arial,=\"\" helvetica,=\"\" sans-serif;=\"\" font-size:=\"\" 14px;=\"\" font-style:=\"\" normal;=\"\" font-variant:=\"\" font-weight:=\"\" letter-spacing:=\"\" line-height:=\"\" 21px;=\"\" orphans:=\"\" auto;=\"\" text-align:=\"\" left;=\"\" text-transform:=\"\" none;=\"\" white-space:=\"\" widows:=\"\" 1;=\"\" word-spacing:=\"\" 0px;=\"\" -webkit-text-stroke-width:=\"\" background-color:=\"\" rgb(250,=\"\" 247,=\"\" 239);\"=\"\"><pms song\',=\"\" arial,=\"\" helvetica,=\"\" sans-serif;=\"\" font-size:=\"\" 14px;=\"\" font-style:=\"\" normal;=\"\" font-variant:=\"\" font-weight:=\"\" letter-spacing:=\"\" line-height:=\"\" 21px;=\"\" orphans:=\"\" auto;=\"\" text-align:=\"\" left;=\"\" text-transform:=\"\" none;=\"\" white-space:=\"\" widows:=\"\" 1;=\"\" word-spacing:=\"\" 0px;=\"\" -webkit-text-stroke-width:=\"\" background-color:=\"\" rgb(250,=\"\" 247,=\"\" 239);\"=\"\"><pms song\',=\"\" arial,=\"\" helvetica,=\"\" sans-serif;=\"\" font-size:=\"\" 14px;=\"\" font-style:=\"\" normal;=\"\" font-variant:=\"\" font-weight:=\"\" letter-spacing:=\"\" line-height:=\"\" 21px;=\"\" orphans:=\"\" auto;=\"\" text-align:=\"\" left;=\"\" text-transform:=\"\" none;=\"\" white-space:=\"\" widows:=\"\" 1;=\"\" word-spacing:=\"\" 0px;=\"\" -webkit-text-stroke-width:=\"\" background-color:=\"\" rgb(250,=\"\" 247,=\"\" 239);\"=\"\"><pms song\',=\"\" arial,=\"\" helvetica,=\"\" sans-serif;=\"\" font-size:=\"\" 14px;=\"\" font-style:=\"\" normal;=\"\" font-variant:=\"\" font-weight:=\"\" letter-spacing:=\"\" line-height:=\"\" 21px;=\"\" orphans:=\"\" auto;=\"\" text-align:=\"\" left;=\"\" text-transform:=\"\" none;=\"\" white-space:=\"\" widows:=\"\" 1;=\"\" word-spacing:=\"\" 0px;=\"\" -webkit-text-stroke-width:=\"\" background-color:=\"\" rgb(250,=\"\" 247,=\"\" 239);\"=\"\"><pms song\',=\"\" arial,=\"\" helvetica,=\"\" sans-serif;=\"\" font-size:=\"\" 14px;=\"\" font-style:=\"\" normal;=\"\" font-variant:=\"\" font-weight:=\"\" letter-spacing:=\"\" line-height:=\"\" 21px;=\"\" orphans:=\"\" auto;=\"\" text-align:=\"\" left;=\"\" text-transform:=\"\" none;=\"\" white-space:=\"\" widows:=\"\" 1;=\"\" word-spacing:=\"\" 0px;=\"\" -webkit-text-stroke-width:=\"\" background-color:=\"\" rgb(250,=\"\" 247,=\"\" 239);\"=\"\"><pms song\',=\"\" arial,=\"\" helvetica,=\"\" sans-serif;=\"\" font-size:=\"\" 14px;=\"\" font-style:=\"\" normal;=\"\" font-variant:=\"\" font-weight:=\"\" letter-spacing:=\"\" line-height:=\"\" 21px;=\"\" orphans:=\"\" auto;=\"\" text-align:=\"\" left;=\"\" text-transform:=\"\" none;=\"\" white-space:=\"\" widows:=\"\" 1;=\"\" word-spacing:=\"\" 0px;=\"\" -webkit-text-stroke-width:=\"\" background-color:=\"\" rgb(250,=\"\" 247,=\"\" 239);\"=\"\"><pms song\',=\"\" arial,=\"\" helvetica,=\"\" sans-serif;=\"\" font-size:=\"\" 14px;=\"\" font-style:=\"\" normal;=\"\" font-variant:=\"\" font-weight:=\"\" letter-spacing:=\"\" line-height:=\"\" 21px;=\"\" orphans:=\"\" auto;=\"\" text-align:=\"\" left;=\"\" text-transform:=\"\" none;=\"\" white-space:=\"\" widows:=\"\" 1;=\"\" word-spacing:=\"\" 0px;=\"\" -webkit-text-stroke-width:=\"\" background-color:=\"\" rgb(250,=\"\" 247,=\"\" 239);\"=\"\"><pms song\',=\"\" arial,=\"\" helvetica,=\"\" sans-serif;=\"\" font-size:=\"\" 14px;=\"\" font-style:=\"\" normal;=\"\" font-variant:=\"\" font-weight:=\"\" letter-spacing:=\"\" line-height:=\"\" 21px;=\"\" orphans:=\"\" auto;=\"\" text-align:=\"\" left;=\"\" text-transform:=\"\" none;=\"\" white-space:=\"\" widows:=\"\" 1;=\"\" word-spacing:=\"\" 0px;=\"\" -webkit-text-stroke-width:=\"\" background-color:=\"\" rgb(250,=\"\" 247,=\"\" 239);\"=\"\">4：去掉xml文件中的中文注释</pms></pms></pms></pms></pms></pms></pms></pms></p><p></p><p><pms song\',=\"\" arial,=\"\" helvetica,=\"\" sans-serif;=\"\" font-size:=\"\" 14px;=\"\" font-style:=\"\" normal;=\"\" font-variant:=\"\" font-weight:=\"\" letter-spacing:=\"\" line-height:=\"\" 21px;=\"\" orphans:=\"\" auto;=\"\" text-align:=\"\" left;=\"\" text-transform:=\"\" none;=\"\" white-space:=\"\" widows:=\"\" 1;=\"\" word-spacing:=\"\" 0px;=\"\" -webkit-text-stroke-width:=\"\" background-color:=\"\" rgb(250,=\"\" 247,=\"\" 239);\"=\"\"><pms song\',=\"\" arial,=\"\" helvetica,=\"\" sans-serif;=\"\" font-size:=\"\" 14px;=\"\" font-style:=\"\" normal;=\"\" font-variant:=\"\" font-weight:=\"\" letter-spacing:=\"\" line-height:=\"\" 21px;=\"\" orphans:=\"\" auto;=\"\" text-align:=\"\" left;=\"\" text-transform:=\"\" none;=\"\" white-space:=\"\" widows:=\"\" 1;=\"\" word-spacing:=\"\" 0px;=\"\" -webkit-text-stroke-width:=\"\" background-color:=\"\" rgb(250,=\"\" 247,=\"\" 239);\"=\"\"><pms song\',=\"\" arial,=\"\" helvetica,=\"\" sans-serif;=\"\" font-size:=\"\" 14px;=\"\" font-style:=\"\" normal;=\"\" font-variant:=\"\" font-weight:=\"\" letter-spacing:=\"\" line-height:=\"\" 21px;=\"\" orphans:=\"\" auto;=\"\" text-align:=\"\" left;=\"\" text-transform:=\"\" none;=\"\" white-space:=\"\" widows:=\"\" 1;=\"\" word-spacing:=\"\" 0px;=\"\" -webkit-text-stroke-width:=\"\" background-color:=\"\" rgb(250,=\"\" 247,=\"\" 239);\"=\"\"><pms song\',=\"\" arial,=\"\" helvetica,=\"\" sans-serif;=\"\" font-size:=\"\" 14px;=\"\" font-style:=\"\" normal;=\"\" font-variant:=\"\" font-weight:=\"\" letter-spacing:=\"\" line-height:=\"\" 21px;=\"\" orphans:=\"\" auto;=\"\" text-align:=\"\" left;=\"\" text-transform:=\"\" none;=\"\" white-space:=\"\" widows:=\"\" 1;=\"\" word-spacing:=\"\" 0px;=\"\" -webkit-text-stroke-width:=\"\" background-color:=\"\" rgb(250,=\"\" 247,=\"\" 239);\"=\"\"><pms song\',=\"\" arial,=\"\" helvetica,=\"\" sans-serif;=\"\" font-size:=\"\" 14px;=\"\" font-style:=\"\" normal;=\"\" font-variant:=\"\" font-weight:=\"\" letter-spacing:=\"\" line-height:=\"\" 21px;=\"\" orphans:=\"\" auto;=\"\" text-align:=\"\" left;=\"\" text-transform:=\"\" none;=\"\" white-space:=\"\" widows:=\"\" 1;=\"\" word-spacing:=\"\" 0px;=\"\" -webkit-text-stroke-width:=\"\" background-color:=\"\" rgb(250,=\"\" 247,=\"\" 239);\"=\"\"><pms song\',=\"\" arial,=\"\" helvetica,=\"\" sans-serif;=\"\" font-size:=\"\" 14px;=\"\" font-style:=\"\" normal;=\"\" font-variant:=\"\" font-weight:=\"\" letter-spacing:=\"\" line-height:=\"\" 21px;=\"\" orphans:=\"\" auto;=\"\" text-align:=\"\" left;=\"\" text-transform:=\"\" none;=\"\" white-space:=\"\" widows:=\"\" 1;=\"\" word-spacing:=\"\" 0px;=\"\" -webkit-text-stroke-width:=\"\" background-color:=\"\" rgb(250,=\"\" 247,=\"\" 239);\"=\"\"><pms song\',=\"\" arial,=\"\" helvetica,=\"\" sans-serif;=\"\" font-size:=\"\" 14px;=\"\" font-style:=\"\" normal;=\"\" font-variant:=\"\" font-weight:=\"\" letter-spacing:=\"\" line-height:=\"\" 21px;=\"\" orphans:=\"\" auto;=\"\" text-align:=\"\" left;=\"\" text-transform:=\"\" none;=\"\" white-space:=\"\" widows:=\"\" 1;=\"\" word-spacing:=\"\" 0px;=\"\" -webkit-text-stroke-width:=\"\" background-color:=\"\" rgb(250,=\"\" 247,=\"\" 239);\"=\"\"><pms song\',=\"\" arial,=\"\" helvetica,=\"\" sans-serif;=\"\" font-size:=\"\" 14px;=\"\" font-style:=\"\" normal;=\"\" font-variant:=\"\" font-weight:=\"\" letter-spacing:=\"\" line-height:=\"\" 21px;=\"\" orphans:=\"\" auto;=\"\" text-align:=\"\" left;=\"\" text-transform:=\"\" none;=\"\" white-space:=\"\" widows:=\"\" 1;=\"\" word-spacing:=\"\" 0px;=\"\" -webkit-text-stroke-width:=\"\" background-color:=\"\" rgb(250,=\"\" 247,=\"\" 239);\"=\"\"><pms song\',=\"\" arial,=\"\" helvetica,=\"\" sans-serif;=\"\" font-size:=\"\" 14px;=\"\" font-style:=\"\" normal;=\"\" font-variant:=\"\" font-weight:=\"\" letter-spacing:=\"\" line-height:=\"\" 21px;=\"\" orphans:=\"\" auto;=\"\" text-align:=\"\" left;=\"\" text-transform:=\"\" none;=\"\" white-space:=\"\" widows:=\"\" 1;=\"\" word-spacing:=\"\" 0px;=\"\" -webkit-text-stroke-width:=\"\" background-color:=\"\" rgb(250,=\"\" 247,=\"\" 239);\"=\"\">5：随意在xml文件中加一个空格或者空行然后保存</pms></pms></pms></pms></pms></pms></pms></pms></pms></p><p></p><p><pms song\',=\"\" arial,=\"\" helvetica,=\"\" sans-serif;=\"\" font-size:=\"\" 14px;=\"\" font-style:=\"\" normal;=\"\" font-variant:=\"\" font-weight:=\"\" letter-spacing:=\"\" line-height:=\"\" 21px;=\"\" orphans:=\"\" auto;=\"\" text-align:=\"\" left;=\"\" text-transform:=\"\" none;=\"\" white-space:=\"\" widows:=\"\" 1;=\"\" word-spacing:=\"\" 0px;=\"\" -webkit-text-stroke-width:=\"\" background-color:=\"\" rgb(250,=\"\" 247,=\"\" 239);\"=\"\"><pms song\',=\"\" arial,=\"\" helvetica,=\"\" sans-serif;=\"\" font-size:=\"\" 14px;=\"\" font-style:=\"\" normal;=\"\" font-variant:=\"\" font-weight:=\"\" letter-spacing:=\"\" line-height:=\"\" 21px;=\"\" orphans:=\"\" auto;=\"\" text-align:=\"\" left;=\"\" text-transform:=\"\" none;=\"\" white-space:=\"\" widows:=\"\" 1;=\"\" word-spacing:=\"\" 0px;=\"\" -webkit-text-stroke-width:=\"\" background-color:=\"\" rgb(250,=\"\" 247,=\"\" 239);\"=\"\"><pms song\',=\"\" arial,=\"\" helvetica,=\"\" sans-serif;=\"\" font-size:=\"\" 14px;=\"\" font-style:=\"\" normal;=\"\" font-variant:=\"\" font-weight:=\"\" letter-spacing:=\"\" line-height:=\"\" 21px;=\"\" orphans:=\"\" auto;=\"\" text-align:=\"\" left;=\"\" text-transform:=\"\" none;=\"\" white-space:=\"\" widows:=\"\" 1;=\"\" word-spacing:=\"\" 0px;=\"\" -webkit-text-stroke-width:=\"\" background-color:=\"\" rgb(250,=\"\" 247,=\"\" 239);\"=\"\"><pms song\',=\"\" arial,=\"\" helvetica,=\"\" sans-serif;=\"\" font-size:=\"\" 14px;=\"\" font-style:=\"\" normal;=\"\" font-variant:=\"\" font-weight:=\"\" letter-spacing:=\"\" line-height:=\"\" 21px;=\"\" orphans:=\"\" auto;=\"\" text-align:=\"\" left;=\"\" text-transform:=\"\" none;=\"\" white-space:=\"\" widows:=\"\" 1;=\"\" word-spacing:=\"\" 0px;=\"\" -webkit-text-stroke-width:=\"\" background-color:=\"\" rgb(250,=\"\" 247,=\"\" 239);\"=\"\"><pms song\',=\"\" arial,=\"\" helvetica,=\"\" sans-serif;=\"\" font-size:=\"\" 14px;=\"\" font-style:=\"\" normal;=\"\" font-variant:=\"\" font-weight:=\"\" letter-spacing:=\"\" line-height:=\"\" 21px;=\"\" orphans:=\"\" auto;=\"\" text-align:=\"\" left;=\"\" text-transform:=\"\" none;=\"\" white-space:=\"\" widows:=\"\" 1;=\"\" word-spacing:=\"\" 0px;=\"\" -webkit-text-stroke-width:=\"\" background-color:=\"\" rgb(250,=\"\" 247,=\"\" 239);\"=\"\"><pms song\',=\"\" arial,=\"\" helvetica,=\"\" sans-serif;=\"\" font-size:=\"\" 14px;=\"\" font-style:=\"\" normal;=\"\" font-variant:=\"\" font-weight:=\"\" letter-spacing:=\"\" line-height:=\"\" 21px;=\"\" orphans:=\"\" auto;=\"\" text-align:=\"\" left;=\"\" text-transform:=\"\" none;=\"\" white-space:=\"\" widows:=\"\" 1;=\"\" word-spacing:=\"\" 0px;=\"\" -webkit-text-stroke-width:=\"\" background-color:=\"\" rgb(250,=\"\" 247,=\"\" 239);\"=\"\"><pms song\',=\"\" arial,=\"\" helvetica,=\"\" sans-serif;=\"\" font-size:=\"\" 14px;=\"\" font-style:=\"\" normal;=\"\" font-variant:=\"\" font-weight:=\"\" letter-spacing:=\"\" line-height:=\"\" 21px;=\"\" orphans:=\"\" auto;=\"\" text-align:=\"\" left;=\"\" text-transform:=\"\" none;=\"\" white-space:=\"\" widows:=\"\" 1;=\"\" word-spacing:=\"\" 0px;=\"\" -webkit-text-stroke-width:=\"\" background-color:=\"\" rgb(250,=\"\" 247,=\"\" 239);\"=\"\"><pms song\',=\"\" arial,=\"\" helvetica,=\"\" sans-serif;=\"\" font-size:=\"\" 14px;=\"\" font-style:=\"\" normal;=\"\" font-variant:=\"\" font-weight:=\"\" letter-spacing:=\"\" line-height:=\"\" 21px;=\"\" orphans:=\"\" auto;=\"\" text-align:=\"\" left;=\"\" text-transform:=\"\" none;=\"\" white-space:=\"\" widows:=\"\" 1;=\"\" word-spacing:=\"\" 0px;=\"\" -webkit-text-stroke-width:=\"\" background-color:=\"\" rgb(250,=\"\" 247,=\"\" 239);\"=\"\"><pms song\',=\"\" arial,=\"\" helvetica,=\"\" sans-serif;=\"\" font-size:=\"\" 14px;=\"\" font-style:=\"\" normal;=\"\" font-variant:=\"\" font-weight:=\"\" letter-spacing:=\"\" line-height:=\"\" 21px;=\"\" orphans:=\"\" auto;=\"\" text-align:=\"\" left;=\"\" text-transform:=\"\" none;=\"\" white-space:=\"\" widows:=\"\" 1;=\"\" word-spacing:=\"\" 0px;=\"\" -webkit-text-stroke-width:=\"\" background-color:=\"\" rgb(250,=\"\" 247,=\"\" 239);\"=\"\"><pms song\',=\"\" arial,=\"\" helvetica,=\"\" sans-serif;=\"\" font-size:=\"\" 14px;=\"\" font-style:=\"\" normal;=\"\" font-variant:=\"\" font-weight:=\"\" letter-spacing:=\"\" line-height:=\"\" 21px;=\"\" orphans:=\"\" auto;=\"\" text-align:=\"\" left;=\"\" text-transform:=\"\" none;=\"\" white-space:=\"\" widows:=\"\" 1;=\"\" word-spacing:=\"\" 0px;=\"\" -webkit-text-stroke-width:=\"\" background-color:=\"\" rgb(250,=\"\" 247,=\"\" 239);\"=\"\">一般来说到此就可以排除错误了</pms></pms></pms></pms></pms></pms></pms></pms></pms></pms></p><p></p>', '2018-12-18 14:41:09', null);
INSERT INTO `technology_module` VALUES ('17', '21', '1', 'sfds', '<p>ssdfdsfs</p>', '2018-12-18 14:45:44', null);
INSERT INTO `technology_module` VALUES ('18', '21', '1', '23423', '<p>23423</p>', '2018-12-18 14:47:08', null);
INSERT INTO `technology_module` VALUES ('19', '21', '2', 'asadas', '<p>sadsadsa</p>', '2018-12-18 14:55:16', null);
INSERT INTO `technology_module` VALUES ('20', '22', '4', '2321', '<p>123213211</p>', '2018-12-18 15:26:04', null);
INSERT INTO `technology_module` VALUES ('21', '22', '3', 'asdasd', '<p>asdsada</p>', '2018-12-18 15:28:48', null);
INSERT INTO `technology_module` VALUES ('22', '22', '1', 'DFGDFGF', '<p>DFGDFGDFGF</p>', '2018-12-18 15:32:54', null);
INSERT INTO `technology_module` VALUES ('23', '22', '2', 'sadsd', '<p>sdfdsfdsfds</p>', '2018-12-18 15:45:07', null);

-- ----------------------------
-- Table structure for technology_module_enclosure
-- ----------------------------
DROP TABLE IF EXISTS `technology_module_enclosure`;
CREATE TABLE `technology_module_enclosure` (
  `e_id` int(255) NOT NULL AUTO_INCREMENT,
  `m_id` int(255) DEFAULT NULL COMMENT '文章id',
  `e_enclosure_url` varchar(255) DEFAULT NULL COMMENT '附件路径',
  `e_dowloads` varchar(255) DEFAULT NULL COMMENT '下载次数',
  `e_filename` varchar(255) DEFAULT NULL COMMENT '文件名	该文件名为用户上传时用户自己设置的用户名',
  PRIMARY KEY (`e_id`) USING BTREE,
  KEY `m_id` (`m_id`),
  CONSTRAINT `technology_module_enclosure_ibfk_1` FOREIGN KEY (`m_id`) REFERENCES `technology_module` (`m_id`) ON DELETE CASCADE ON UPDATE CASCADE
) ENGINE=InnoDB AUTO_INCREMENT=5 DEFAULT CHARSET=utf8 ROW_FORMAT=COMPACT COMMENT='技术文章附件下载';

-- ----------------------------
-- Records of technology_module_enclosure
-- ----------------------------
INSERT INTO `technology_module_enclosure` VALUES ('1', '22', 'file/20181218153248WZ)I3JWXED~XMGE3T@BC@ZG.png', null, null);
INSERT INTO `technology_module_enclosure` VALUES ('2', '22', 'file/20181218153248YZ)$%OEWWV0_I)F1KE])G$P.png', null, null);
INSERT INTO `technology_module_enclosure` VALUES ('3', '23', 'file/20181218154459K)A$~K)~FSE79MYDYZ176H4.png', '0', '');
INSERT INTO `technology_module_enclosure` VALUES ('4', '23', 'file/20181218154459K)A$~K)~FSE79MYDYZ176H4.png', '0', '');

-- ----------------------------
-- Table structure for travel_collection
-- ----------------------------
DROP TABLE IF EXISTS `travel_collection`;
CREATE TABLE `travel_collection` (
  `t_id` int(255) NOT NULL COMMENT '数据id	自增长类型\r\n',
  `u_id` int(255) DEFAULT NULL COMMENT '上传用户id	外键---用户信息表u_id\r\n',
  `t_tourism_strategy` varchar(255) DEFAULT NULL COMMENT '攻略',
  `t_title` varchar(50) NOT NULL COMMENT '标题',
  `t_place` varchar(255) DEFAULT NULL COMMENT '地点',
  `t_remarks` varchar(255) DEFAULT NULL COMMENT '备注',
  `t_praisenumber` int(11) DEFAULT NULL COMMENT '点赞次数',
  `t_create_time` datetime DEFAULT NULL COMMENT '创建时间',
  `t_travelperson` varchar(11) DEFAULT NULL COMMENT '出行人数',
  `t_per_capita_consumption` varchar(50) DEFAULT NULL COMMENT '人均消费',
  `t_begin_time` datetime DEFAULT NULL COMMENT '出行时间',
  `t_end_time` datetime DEFAULT NULL COMMENT '返程时间',
  PRIMARY KEY (`t_id`) USING BTREE,
  KEY `u_id` (`u_id`) USING BTREE,
  CONSTRAINT `travel_collection_ibfk_1` FOREIGN KEY (`u_id`) REFERENCES `userinfo` (`u_id`) ON DELETE CASCADE ON UPDATE CASCADE
) ENGINE=InnoDB DEFAULT CHARSET=utf8 ROW_FORMAT=COMPACT COMMENT='驴行游记表';

-- ----------------------------
-- Records of travel_collection
-- ----------------------------

-- ----------------------------
-- Table structure for travel_comment
-- ----------------------------
DROP TABLE IF EXISTS `travel_comment`;
CREATE TABLE `travel_comment` (
  `c_id` int(255) NOT NULL COMMENT '数据id',
  `tc_id` varchar(255) DEFAULT NULL COMMENT '旅行集锦数据id',
  `c_comment_content` varchar(255) DEFAULT NULL COMMENT '评论内容',
  `c_commenttator_id` int(255) DEFAULT NULL COMMENT '评论人id',
  `c_comment_time` datetime DEFAULT NULL COMMENT '评论时间',
  PRIMARY KEY (`c_id`) USING BTREE,
  UNIQUE KEY `c_id` (`c_id`) USING BTREE
) ENGINE=InnoDB DEFAULT CHARSET=utf8 ROW_FORMAT=COMPACT COMMENT='驴行游记评论';

-- ----------------------------
-- Records of travel_comment
-- ----------------------------

-- ----------------------------
-- Table structure for travel_picture_url
-- ----------------------------
DROP TABLE IF EXISTS `travel_picture_url`;
CREATE TABLE `travel_picture_url` (
  `p_id` int(255) NOT NULL COMMENT '数据id	自增长类型\r\n',
  `t_id` int(255) DEFAULT NULL COMMENT '旅行集锦数据id	外键---旅行集锦表数据id\r\n',
  `p_picture_url` varchar(255) DEFAULT NULL COMMENT '图片存储路径\r\n',
  `p_picture_size` double DEFAULT NULL COMMENT '图片大小',
  `p_upload_personid` int(255) DEFAULT NULL COMMENT '上传人id	外键--用户信息表用户id\r\n',
  `p_upload_time` datetime DEFAULT NULL COMMENT '上传时间',
  PRIMARY KEY (`p_id`) USING BTREE,
  KEY `t_id` (`t_id`) USING BTREE,
  KEY `p_upload_personid` (`p_upload_personid`) USING BTREE,
  CONSTRAINT `travel_picture_url_ibfk_1` FOREIGN KEY (`t_id`) REFERENCES `travel_collection` (`t_id`) ON DELETE CASCADE ON UPDATE CASCADE,
  CONSTRAINT `travel_picture_url_ibfk_2` FOREIGN KEY (`p_upload_personid`) REFERENCES `userinfo` (`u_id`) ON DELETE CASCADE ON UPDATE CASCADE
) ENGINE=InnoDB DEFAULT CHARSET=utf8 ROW_FORMAT=COMPACT COMMENT='旅行集锦图片路径存储表 ';

-- ----------------------------
-- Records of travel_picture_url
-- ----------------------------

-- ----------------------------
-- Table structure for type_of_article
-- ----------------------------
DROP TABLE IF EXISTS `type_of_article`;
CREATE TABLE `type_of_article` (
  `a_id` int(255) NOT NULL COMMENT '数据id\r\n',
  `a_type` varchar(255) DEFAULT NULL COMMENT '类型名称\r\n',
  `a_status` varchar(1) DEFAULT NULL COMMENT '类型状态   1：使用；0：停用',
  PRIMARY KEY (`a_id`) USING BTREE
) ENGINE=InnoDB DEFAULT CHARSET=utf8 ROW_FORMAT=COMPACT COMMENT='技术文章类型表  ';

-- ----------------------------
-- Records of type_of_article
-- ----------------------------
INSERT INTO `type_of_article` VALUES ('1', '前端', '1');
INSERT INTO `type_of_article` VALUES ('2', '后端', '1');
INSERT INTO `type_of_article` VALUES ('3', 'Java', '1');
INSERT INTO `type_of_article` VALUES ('4', 'PHP', '1');
INSERT INTO `type_of_article` VALUES ('5', 'Android', '1');
INSERT INTO `type_of_article` VALUES ('6', 'Angularjs', '1');
INSERT INTO `type_of_article` VALUES ('7', 'C++', '1');
INSERT INTO `type_of_article` VALUES ('8', 'C#', '1');
INSERT INTO `type_of_article` VALUES ('9', 'Pthoy', '1');
INSERT INTO `type_of_article` VALUES ('10', 'React', '1');
INSERT INTO `type_of_article` VALUES ('11', 'Bootstrap', '1');
INSERT INTO `type_of_article` VALUES ('12', 'SpringMVC', '1');
INSERT INTO `type_of_article` VALUES ('13', 'SpringBoot', '1');
INSERT INTO `type_of_article` VALUES ('14', 'SpringData', '1');
INSERT INTO `type_of_article` VALUES ('15', '大数据', '1');

-- ----------------------------
-- Table structure for userinfo
-- ----------------------------
DROP TABLE IF EXISTS `userinfo`;
CREATE TABLE `userinfo` (
  `u_id` int(255) NOT NULL AUTO_INCREMENT COMMENT '用户id\r\n唯一标志符、自增长类型',
  `u_name` varchar(50) DEFAULT NULL COMMENT '用户名\r\n',
  `u_password` varchar(50) DEFAULT NULL COMMENT '用户密码	密文存储\r\n',
  `u_phone` varchar(20) DEFAULT NULL COMMENT '用户手机\r\n',
  `u_create_time` varchar(255) DEFAULT NULL COMMENT '用户创建时间\r\n',
  `u_truename` varchar(20) DEFAULT NULL COMMENT '系统昵称',
  `u_status` varchar(2) DEFAULT NULL COMMENT '用户状态\r\n1：正常使用；2：冻结\r\n',
  `u_remarks` varchar(255) DEFAULT NULL COMMENT '备注信息\r\n',
  `u_userhead` varchar(255) DEFAULT NULL COMMENT '用户头像url',
  `u_email` varchar(255) DEFAULT NULL COMMENT '用户邮箱',
  PRIMARY KEY (`u_id`) USING BTREE
) ENGINE=InnoDB AUTO_INCREMENT=23 DEFAULT CHARSET=utf8 ROW_FORMAT=COMPACT COMMENT='用户信息表';

-- ----------------------------
-- Records of userinfo
-- ----------------------------
INSERT INTO `userinfo` VALUES ('18', '士大夫但是', '91cbecbc69b620525e2995a8ddc51bb6', '13594880934', '2018-11-29 23:22:19', '发射点犯得上', '1', null, '/file/001.png', '1056996790@qq.com');
INSERT INTO `userinfo` VALUES ('19', 'ERW', '11ce649cfc7bbd708e716d183d55b9e6', '13594880934', '2018-11-29 23:23:38', '天蚕土豆sss3334444', '1', null, '/file/001.png', '10569967851@qq.com');
INSERT INTO `userinfo` VALUES ('20', 'hhr_', '11ce649cfc7bbd708e716d183d55b9e6', '17623085785', '2018-12-10 14:44:18', '唐家三少', '1', null, '/file/20181214170421.jpg', '2848812851@qq.com');
INSERT INTO `userinfo` VALUES ('21', 'xm', '0fbabcb8654f31f0c3d329a63d3ff987', '13594880934', '2018-12-12 13:44:08', '独孤求败', '1', null, '/file/20181212134502.jpg', '2848812850@qq.com');
INSERT INTO `userinfo` VALUES ('22', 'hhr', '78246a088aae67fe591d939b0804f01e', '13549880934', '2018-12-18 15:24:24', '风萧萧兮易水寒', '1', null, '/file/20181218154706.png', '1056996785@qq.com');

-- ----------------------------
-- Table structure for u_logonrecord
-- ----------------------------
DROP TABLE IF EXISTS `u_logonrecord`;
CREATE TABLE `u_logonrecord` (
  `r_id` int(255) NOT NULL COMMENT '数据id	自增长类型\r\n',
  `u_id` int(255) DEFAULT NULL COMMENT '用户id',
  `u_logintime` datetime DEFAULT NULL COMMENT '用户登录时间',
  `u_logouttime` datetime DEFAULT NULL COMMENT '登出时间\r\n',
  PRIMARY KEY (`r_id`) USING BTREE,
  KEY `用户id` (`u_id`) USING BTREE,
  CONSTRAINT `用户id` FOREIGN KEY (`u_id`) REFERENCES `userinfo` (`u_id`) ON DELETE CASCADE ON UPDATE CASCADE
) ENGINE=InnoDB DEFAULT CHARSET=utf8 ROW_FORMAT=COMPACT COMMENT='用户登录记录表 ';

-- ----------------------------
-- Records of u_logonrecord
-- ----------------------------
